{"name":"0732bc3b-52dd-4f42-966e-20a24c8b3660","id":"/providers/Microsoft.Flow/flows/0732bc3b-52dd-4f42-966e-20a24c8b3660","type":"Microsoft.Flow/flows","properties":{"apiId":"/providers/Microsoft.PowerApps/apis/shared_logicflows","displayName":"Flow Template with Error Handling","definition":{"metadata":{"workflowEntityId":null,"processAdvisorMetadata":null,"flowclientsuspensionreason":"None","flowclientsuspensiontime":null,"flowclientsuspensionreasondetails":null,"creator":{"id":"ddc02d42-c492-454d-94ce-778a07b5b8c6","type":"User","tenantId":"07446956-493d-42c8-ad05-e939cb52153f"},"provisioningMethod":"FromDefinition","failureAlertSubscription":true,"clientLastModifiedTime":"2022-10-28T19:11:15.3155754Z"},"$schema":"https://schema.management.azure.com/providers/Microsoft.Logic/schemas/2016-06-01/workflowdefinition.json#","contentVersion":"1.0.0.0","parameters":{"$connections":{"defaultValue":{},"type":"Object"},"$authentication":{"defaultValue":{},"type":"SecureObject"}},"triggers":{"manual":{"metadata":{"operationMetadataId":"071f8926-0938-484c-b44f-19124489736d"},"type":"Request","kind":"Button","inputs":{"schema":{"type":"object","properties":{},"required":[]},"headersSchema":{"x-ms-user-email-encoded":{"title":"User email","type":"string","format":"byte","x-ms-dynamically-added":false}}}}},"actions":{"Try":{"actions":{},"runAfter":{},"metadata":{"operationMetadataId":"94aa58d9-5646-4b3f-bc26-744f3b78df2d"},"type":"Scope"},"Catch":{"actions":{"Filter_array":{"runAfter":{},"metadata":{"operationMetadataId":"53f96066-3db2-47f2-8732-2b2059105501"},"type":"Query","inputs":{"from":"@result('Try')","where":"@or(equals(item()?['Status'], 'Failed'), equals(item()?['Status'], 'TimedOut'))"}},"Create_HTML_Table_":{"runAfter":{"Filter_array":["Succeeded"]},"metadata":{"operationMetadataId":"57ef8af9-ba21-467b-8e7c-fc44e542b8ec"},"type":"Table","inputs":{"from":"@body('Filter_array')","format":"HTML","columns":[{"header":"Action","value":"@item()?['name']"},{"header":"Status","value":"@item()?['Status']"},{"header":"ErrorMessage","value":"@item()?['error']?['message']"}]}},"Send_an_email":{"runAfter":{"Create_HTML_Table_":["Succeeded"]},"metadata":{"operationMetadataId":"eade010a-fb0f-445d-8e9b-af5221d324e3"},"type":"OpenApiConnection","inputs":{"host":{"apiId":"/providers/Microsoft.PowerApps/apis/shared_office365","connectionName":"shared_office365","operationId":"SendEmailV2"},"parameters":{"emailMessage/To":"@triggerOutputs()['headers']['x-ms-user-email-encoded']","emailMessage/Subject":"Flow Failed!","emailMessage/Body":"<style>\ntable, td, th {  \n  border: 1px solid #ddd;\n  text-align: left;\n}\n\ntable {\n  border-collapse: collapse;\n  width: 100%;\n}\n\nth, td {\n  padding: 15px;\n}\n</style>\n<p>@{body('Create_HTML_Table_')}</p>\n<a href='@{concat('https://make.powerautomate.com/environments/', workflow()?['tags']['environmentName'], '/flows/', workflow()?['name'], '/runs/', workflow()?['run']['name'])}'>🧐Check flow Run</a>","emailMessage/Importance":"Normal"},"authentication":{"value":"@json(decodeBase64(triggerOutputs().headers['X-MS-APIM-Tokens']))['$ConnectionKey']","type":"Raw"}}},"Terminate":{"runAfter":{"Send_an_email":["Succeeded"]},"metadata":{"operationMetadataId":"2f9a2cf9-bad8-4c87-9a2f-e27b1239a1b3"},"type":"Terminate","inputs":{"runStatus":"Failed"}}},"runAfter":{"Try":["Failed","TimedOut"]},"metadata":{"operationMetadataId":"0e9c997c-1e70-4ff3-bb65-d1ec010922a9"},"type":"Scope"}}},"connectionReferences":{"shared_office365":{"connectionName":"shared-office365-2512fe54-b21e-4ba5-9919-d0f393d9c4c0","source":"Invoker","id":"/providers/Microsoft.PowerApps/apis/shared_office365","tier":"NotSpecified"}},"flowFailureAlertSubscribed":false,"isManaged":false}}