{"name":"d6d9c980-fdeb-4e05-a873-7eea6bbbed87","id":"/providers/Microsoft.Flow/flows/d6d9c980-fdeb-4e05-a873-7eea6bbbed87","type":"Microsoft.Flow/flows","properties":{"apiId":"/providers/Microsoft.PowerApps/apis/shared_logicflows","displayName":"Content Approval Workflow","definition":{"metadata":{"workflowEntityId":null,"processAdvisorMetadata":null,"flowclientsuspensionreason":"None","flowclientsuspensiontime":null,"creator":{"id":"ddc02d42-c492-454d-94ce-778a07b5b8c6","type":"User","tenantId":"07446956-493d-42c8-ad05-e939cb52153f"},"provisioningMethod":"FromDefinition","failureAlertSubscription":true,"clientLastModifiedTime":"2022-03-25T21:52:42.7816746Z"},"$schema":"https://schema.management.azure.com/providers/Microsoft.Logic/schemas/2016-06-01/workflowdefinition.json#","contentVersion":"1.0.0.0","parameters":{"$connections":{"defaultValue":{},"type":"Object"},"$authentication":{"defaultValue":{},"type":"SecureObject"},"sharepoint.site":{"defaultValue":"","type":"String"},"sharepoint.list":{"defaultValue":"","type":"String"}},"triggers":{"manual":{"splitOn":"@triggerBody()['rows']","metadata":{"operationMetadataId":"22c9b416-349b-49b2-8f03-0da84eb45935"},"type":"Request","kind":"ApiConnection","inputs":{"schema":{"type":"object","properties":{"rows":{"type":"array","items":{"type":"object","properties":{"text":{"title":"Request","type":"string","x-ms-dynamically-added":true,"description":"Please enter your message sent to the approvers","x-ms-content-hint":"TEXT"},"email":{"title":"Approvers","type":"string","format":"email","x-ms-dynamically-added":true,"description":"Please enter one or more email addresses","x-ms-content-hint":"EMAIL"},"boolean":{"title":"Approval Reminders ","type":"boolean","x-ms-dynamically-added":true,"description":"Please select yes or no","x-ms-content-hint":"BOOLEAN"},"text_2":{"title":"Reminder Duration","type":"string","x-ms-dynamically-added":true,"description":"Please select your duration","x-ms-content-hint":"TEXT","enum":["Week","Day","Hour","Minute"]},"number":{"title":"Reminder Duration Units","type":"number","x-ms-dynamically-added":true,"description":"Please enter reminder duration in number","x-ms-content-hint":"NUMBER"},"text_1":{"title":"Approval Type","type":"string","x-ms-dynamically-added":true,"description":"Please enter your input","x-ms-content-hint":"TEXT","enum":["Everyone should Approve","First to Respond"]},"entity":{"type":"object","properties":{"ID":{"title":"ID","type":"integer","format":"int64"}},"required":["ID"]}},"required":["text","email","boolean","number","text_1","entity"]}}},"required":["rows"]},"host":{"connection":{"name":"@parameters('$connections')['shared_sharepointonline_1']['connectionId']"},"api":{"runtimeUrl":"https://unitedstates-002.azure-apim.net/apim/sharepointonline"}},"operationId":"GetItemHybridTriggerSchema","parameters":{"dataset":"https://thepoweraddicts.sharepoint.com/sites/TechFly","table":"6cceed5d-b5fa-4fcb-a4a9-8ee580923e04"}}}},"actions":{"Initialize_approval_done_variable":{"runAfter":{"Get_item":["Succeeded"]},"metadata":{"operationMetadataId":"fdaca538-ec5a-4e97-a9e3-822ed9145dd8"},"type":"InitializeVariable","inputs":{"variables":[{"name":"approvalDone","type":"boolean","value":"@false"}]}},"Set_variable":{"runAfter":{"Wait_for_an_approval":["Succeeded"]},"metadata":{"operationMetadataId":"1aa57ed6-21a5-4c56-a9e1-13bfc6df66d4"},"type":"SetVariable","inputs":{"name":"approvalDone","value":"@true"}},"Initialize_approvers_list_variable":{"runAfter":{"Initialize_approval_done_variable":["Succeeded"]},"metadata":{"operationMetadataId":"d3d7401d-5239-41ec-bd2b-907e301630b9"},"type":"InitializeVariable","inputs":{"variables":[{"name":"approversList","type":"string"}]}},"Initialize_approval_respond_link_variable":{"runAfter":{"Initialize_approvers_list_variable":["Succeeded"]},"metadata":{"operationMetadataId":"fbabb707-1811-4618-8488-e4da2e35c0d9"},"type":"InitializeVariable","inputs":{"variables":[{"name":"approvalRespondLink","type":"string"}]}},"Set_respond_to_approval_link":{"runAfter":{"Create_an_approval":["Succeeded"]},"metadata":{"operationMetadataId":"06590fe7-c6ac-4709-a288-60f58698eaa6"},"type":"SetVariable","inputs":{"name":"approvalRespondLink","value":"@body('Create_an_approval')?['respondLink']"}},"Wait_for_an_approval":{"runAfter":{"Set_respond_to_approval_link":["Succeeded"]},"metadata":{"flowSystemMetadata":{"swaggerOperationId":"WaitForAnApproval"},"operationMetadataId":"7b7d56db-c2cc-4b63-8676-3d98705eabdc"},"type":"ApiConnectionWebhook","inputs":{"host":{"connection":{"name":"@json(decodeBase64(triggerOutputs().headers['X-MS-APIM-Tokens']))['$connections']['shared_approvals']['connectionId']"},"api":{"runtimeUrl":"https://unitedstates-002.azure-apim.net/apim/approvals"}},"body":{"notificationUrl":"@{listCallbackUrl()}"},"path":"/approvals/@{encodeURIComponent(body('Create_an_approval')?['name'])}/subscriptions","authentication":{"type":"Raw","value":"@json(decodeBase64(triggerOutputs().headers['X-MS-APIM-Tokens']))['$ConnectionKey']"}}},"Get_item":{"runAfter":{},"metadata":{"flowSystemMetadata":{"swaggerOperationId":"GetItem"},"operationMetadataId":"cf561b98-6a96-4370-b4a4-2120e94bda5d"},"type":"ApiConnection","inputs":{"host":{"connection":{"name":"@json(decodeBase64(triggerOutputs().headers['X-MS-APIM-Tokens']))['$connections']['shared_sharepointonline_1']['connectionId']"},"api":{"runtimeUrl":"https://unitedstates-002.azure-apim.net/apim/sharepointonline"}},"method":"get","path":"/datasets/@{encodeURIComponent(encodeURIComponent('https://thepoweraddicts.sharepoint.com/sites/TechFly'))}/tables/@{encodeURIComponent(encodeURIComponent('6cceed5d-b5fa-4fcb-a4a9-8ee580923e04'))}/items/@{encodeURIComponent(triggerBody()?['entity']?['ID'])}","authentication":{"type":"Raw","value":"@json(decodeBase64(triggerOutputs().headers['X-MS-APIM-Tokens']))['$ConnectionKey']"}}},"Select":{"runAfter":{"Set_variable":["Succeeded"]},"metadata":{"operationMetadataId":"941a4de2-bbbb-4b9b-83f4-c6c05308bf85"},"type":"Select","inputs":{"from":"@body('Wait_for_an_approval')?['responses']","select":{"Approver":"@item()?['responder']?['displayName']","Comments":"@if(empty(item()?['comments']),'No comments',item()['comments'])","Response":"@item()?['approverResponse']"}}},"Create_HTML_table":{"runAfter":{"Select":["Succeeded"]},"metadata":{"operationMetadataId":"c40b92fe-ae72-4196-b411-6d9f46d71ba3"},"type":"Table","inputs":{"from":"@body('Select')","format":"HTML"}},"HTML_Table_with_Styles":{"runAfter":{"Create_HTML_table":["Succeeded"]},"metadata":{"operationMetadataId":"c48f960e-cff7-487f-98bb-6bfd44afb041"},"type":"Compose","inputs":"<style>\ntable {\n  width: 100%;\n  background-color: #FFFFFF;\n  border-collapse: collapse;\n  border-width: 2px;\n  border-color: #7EA8F8;\n  border-style: solid;\n  color: #000000;\n  text-align: left;\n}\n\ntable td, table th {\n  border-width: 2px;\n  border-color: #7EA8F8;\n  border-style: solid;\n  padding: 5px;\n}\n\ntable thead {\n  background-color: #DEDEDE;\n}\n</style>\n@{body('Create_HTML_table')}"},"Check_if_we_need_to_send_approval_reminders":{"actions":{"Delay":{"runAfter":{},"metadata":{"operationMetadataId":"68f44e5e-30a9-4b1b-83ce-101502def270"},"type":"Wait","inputs":{"interval":{"count":"@triggerBody()['number']","unit":"@triggerBody()?['text_2']"}}},"Check_if_approvalDone_is_true":{"actions":{},"runAfter":{"Delay":["Succeeded"]},"else":{"actions":{"Do_until":{"actions":{"Send_an_email_(V2)":{"runAfter":{},"metadata":{"flowSystemMetadata":{"swaggerOperationId":"SendEmailV2"},"operationMetadataId":"1ebdec00-a37d-48cf-8002-9f3cf34bb7e3"},"type":"ApiConnection","inputs":{"host":{"connection":{"name":"@json(decodeBase64(triggerOutputs().headers['X-MS-APIM-Tokens']))['$connections']['shared_office365']['connectionId']"},"api":{"runtimeUrl":"https://unitedstates-002.azure-apim.net/apim/office365"}},"method":"post","body":{"To":"@triggerBody()['email']","Subject":"Approval reminder for '@{body('Get_item')?['Title']}'","Body":"<p>An approval assigned to you for '@{body('Get_item')?['Title']}' is still pending.<br>\n<br>\nPlease review the approval <a href='@{variables('approvalRespondLink')}'>here</a> to approve or reject the request.</p>"},"path":"/v2/Mail","authentication":{"type":"Raw","value":"@json(decodeBase64(triggerOutputs().headers['X-MS-APIM-Tokens']))['$ConnectionKey']"}}},"Wait_for_the_duration_before_sending_another_email":{"runAfter":{"Send_an_email_(V2)":["Succeeded"]},"metadata":{"operationMetadataId":"bf163ce2-6dd8-4bd2-9153-812e1224f912"},"type":"Wait","inputs":{"interval":{"count":"@triggerBody()['number']","unit":"@triggerBody()?['text_2']"}}}},"runAfter":{},"expression":"@equals(variables('approvalDone'), true)","limit":{"count":60,"timeout":"PT1H"},"metadata":{"operationMetadataId":"a4052ccc-435d-4879-8fae-84e47cc3761b"},"type":"Until"}}},"expression":{"equals":["@variables('approvalDone')","@true"]},"metadata":{"operationMetadataId":"1c70561c-3a3d-40ae-9b8d-c277bc255a3e"},"type":"If"}},"runAfter":{"Create_an_approval":["Succeeded"]},"expression":{"equals":["@triggerBody()?['boolean']","@true"]},"metadata":{"operationMetadataId":"aa3028ed-63f8-4cf1-b12b-4e2582972913"},"type":"If"},"Create_an_approval":{"runAfter":{"Update_item":["Succeeded"]},"metadata":{"flowSystemMetadata":{"swaggerOperationId":"CreateAnApproval"},"operationMetadataId":"a23e7655-3911-4ff4-b6b0-feccaa7bc461"},"type":"ApiConnection","inputs":{"host":{"connection":{"name":"@json(decodeBase64(triggerOutputs().headers['X-MS-APIM-Tokens']))['$connections']['shared_approvals']['connectionId']"},"api":{"runtimeUrl":"https://unitedstates-002.azure-apim.net/apim/approvals"}},"method":"post","body":{"title":"Please approve: '@{body('Get_item')?['Title']}","assignedTo":"@{triggerBody()['email']};","details":"The item '@{body('Get_item')?['Title']}' is submitted for approval by @{base64ToString(triggerOutputs()['headers']['x-ms-user-name-encoded'])}.\n\nThe message with the request:\n@{if(empty(triggerBody()['text']),'No message included with the request',triggerBody()['text'])}\n\nPlease review, and then approve or reject the request.","itemLink":"@body('Get_item')?['{Link}']","itemLinkDescription":"@body('Get_item')?['Title']","enableNotifications":true,"enableReassignment":true},"path":"/types/@{encodeURIComponent(if(equals(triggerBody()['text_1'],'Everyone should Approve'),'BasicAwaitAll','Basic'))}","authentication":{"type":"Raw","value":"@json(decodeBase64(triggerOutputs().headers['X-MS-APIM-Tokens']))['$ConnectionKey']"}}},"Check_if_request_is_approved":{"actions":{"Item_approved":{"runAfter":{},"metadata":{"flowSystemMetadata":{"swaggerOperationId":"SendEmailV2"},"operationMetadataId":"d7090628-752d-4a52-94f8-7035d16b27f4"},"type":"ApiConnection","inputs":{"host":{"connection":{"name":"@json(decodeBase64(triggerOutputs().headers['X-MS-APIM-Tokens']))['$connections']['shared_office365']['connectionId']"},"api":{"runtimeUrl":"https://unitedstates-002.azure-apim.net/apim/office365"}},"method":"post","body":{"To":"@base64ToString(triggerOutputs()['headers']['x-ms-user-email-encoded'])","Subject":"Item: Approved","Body":"<p>Your request for '@{body('Get_item')?['Title']}' has been approved.<br>\n<br>\nApproval details below:<br>\n<br>\n@{outputs('HTML_Table_with_Styles')}</p>","Importance":"Normal"},"path":"/v2/Mail","authentication":{"type":"Raw","value":"@json(decodeBase64(triggerOutputs().headers['X-MS-APIM-Tokens']))['$ConnectionKey']"}}},"Update_item_2":{"runAfter":{"Item_approved":["Succeeded"]},"metadata":{"operationMetadataId":"5032297e-b15b-4715-990f-0b4f80197ea6","flowSystemMetadata":{"swaggerOperationId":"PatchItem"}},"type":"ApiConnection","inputs":{"host":{"connection":{"name":"@json(decodeBase64(triggerOutputs().headers['X-MS-APIM-Tokens']))['$connections']['shared_sharepointonline_1']['connectionId']"},"api":{"runtimeUrl":"https://unitedstates-002.azure-apim.net/apim/sharepointonline"}},"method":"patch","body":{"Title":"@body('Get_item')['Title']","ApprovalStatus":{"Value":"Approved"},"ApprovalComments":"@{outputs('HTML_Table_with_Styles')}"},"path":"/datasets/@{encodeURIComponent(encodeURIComponent('https://thepoweraddicts.sharepoint.com/sites/TechFly'))}/tables/@{encodeURIComponent(encodeURIComponent('6cceed5d-b5fa-4fcb-a4a9-8ee580923e04'))}/items/@{encodeURIComponent(triggerBody()?['entity']?['ID'])}","authentication":{"type":"Raw","value":"@json(decodeBase64(triggerOutputs().headers['X-MS-APIM-Tokens']))['$ConnectionKey']"}}}},"runAfter":{"HTML_Table_with_Styles":["Succeeded"]},"else":{"actions":{"Item_rejected":{"runAfter":{},"metadata":{"flowSystemMetadata":{"swaggerOperationId":"SendEmailV2"},"operationMetadataId":"4924986f-7231-4075-9ba9-f669b70bcec9"},"type":"ApiConnection","inputs":{"host":{"connection":{"name":"@json(decodeBase64(triggerOutputs().headers['X-MS-APIM-Tokens']))['$connections']['shared_office365']['connectionId']"},"api":{"runtimeUrl":"https://unitedstates-002.azure-apim.net/apim/office365"}},"method":"post","body":{"To":"@base64ToString(triggerOutputs()['headers']['x-ms-user-email-encoded'])","Subject":"Item: Rejected","Body":"<p>Your request for '@{body('Get_item')?['Title']}' has been rejected.<br>\n<br>\nApproval details below:<br>\n<br>\n@{outputs('HTML_Table_with_Styles')}</p>","Importance":"Normal"},"path":"/v2/Mail","authentication":{"type":"Raw","value":"@json(decodeBase64(triggerOutputs().headers['X-MS-APIM-Tokens']))['$ConnectionKey']"}}},"Update_item_3":{"runAfter":{"Item_rejected":["Succeeded"]},"metadata":{"operationMetadataId":"018eb959-0fcf-4b62-8e77-273bf15904df","flowSystemMetadata":{"swaggerOperationId":"PatchItem"}},"type":"ApiConnection","inputs":{"host":{"connection":{"name":"@json(decodeBase64(triggerOutputs().headers['X-MS-APIM-Tokens']))['$connections']['shared_sharepointonline_1']['connectionId']"},"api":{"runtimeUrl":"https://unitedstates-002.azure-apim.net/apim/sharepointonline"}},"method":"patch","body":{"Title":"@body('Get_item')['Title']","ApprovalStatus":{"Value":"Rejected"},"ApprovalComments":"@{outputs('HTML_Table_with_Styles')}"},"path":"/datasets/@{encodeURIComponent(encodeURIComponent('https://thepoweraddicts.sharepoint.com/sites/TechFly'))}/tables/@{encodeURIComponent(encodeURIComponent('6cceed5d-b5fa-4fcb-a4a9-8ee580923e04'))}/items/@{encodeURIComponent(triggerBody()?['entity']?['ID'])}","authentication":{"type":"Raw","value":"@json(decodeBase64(triggerOutputs().headers['X-MS-APIM-Tokens']))['$ConnectionKey']"}}}}},"expression":"@not(contains(body('Wait_for_an_approval')?['outcome'], 'Reject'))","metadata":{"operationMetadataId":"9e0ccc1e-6672-49f0-b0bd-44bd2e6a5033"},"type":"If"},"Update_item":{"runAfter":{"Initialize_approval_respond_link_variable":["Succeeded"]},"metadata":{"operationMetadataId":"2dc43ca5-03a6-4c05-b16e-5e765537b701","flowSystemMetadata":{"swaggerOperationId":"PatchItem"}},"type":"ApiConnection","inputs":{"host":{"connection":{"name":"@json(decodeBase64(triggerOutputs().headers['X-MS-APIM-Tokens']))['$connections']['shared_sharepointonline_1']['connectionId']"},"api":{"runtimeUrl":"https://unitedstates-002.azure-apim.net/apim/sharepointonline"}},"method":"patch","body":{"Title":"@body('Get_item')['Title']","ApprovalStatus":{"Value":"Pending"}},"path":"/datasets/@{encodeURIComponent(encodeURIComponent('https://thepoweraddicts.sharepoint.com/sites/TechFly'))}/tables/@{encodeURIComponent(encodeURIComponent('6cceed5d-b5fa-4fcb-a4a9-8ee580923e04'))}/items/@{encodeURIComponent(triggerBody()?['entity']?['ID'])}","authentication":{"type":"Raw","value":"@json(decodeBase64(triggerOutputs().headers['X-MS-APIM-Tokens']))['$ConnectionKey']"}}}},"description":"Request approval (first to respond) for a selected item in a SharePoint list, along with approval reminder options."},"connectionReferences":{"shared_approvals":{"connectionName":"shared-approvals-54268f99-4a7f-4baa-aebd-c53ce07066de","source":"Invoker","id":"/providers/Microsoft.PowerApps/apis/shared_approvals","tier":"NotSpecified"},"shared_sharepointonline_1":{"connectionName":"a0ed098f502a4ca4bb59859b743dc374","source":"Invoker","id":"/providers/Microsoft.PowerApps/apis/shared_sharepointonline","tier":"NotSpecified"},"shared_office365":{"connectionName":"shared-office365-967c9478-ae66-42c5-a8f6-1267abc5c5fe","source":"Invoker","id":"/providers/Microsoft.PowerApps/apis/shared_office365","tier":"NotSpecified"}},"flowFailureAlertSubscribed":false}}