{"name":"6e53b790-8452-48fd-a14e-9db1c8709752","id":"/providers/Microsoft.Flow/flows/6e53b790-8452-48fd-a14e-9db1c8709752","type":"Microsoft.Flow/flows","properties":{"apiId":"/providers/Microsoft.PowerApps/apis/shared_logicflows","displayName":"Parsing text table from email","definition":{"metadata":{"workflowEntityId":null,"creator":{"id":"51a6a8e7-873c-49cf-8130-f07966aa89cd","type":"User","tenantId":"d27657b2-f96c-475e-a9bb-ffb1dbe287c8"},"provisioningMethod":"FromDefinition","failureAlertSubscription":true,"clientLastModifiedTime":"2019-09-27T21:35:45.8217627Z"},"$schema":"https://schema.management.azure.com/providers/Microsoft.Logic/schemas/2016-06-01/workflowdefinition.json#","contentVersion":"1.0.0.0","parameters":{"$connections":{"defaultValue":{},"type":"Object"},"$authentication":{"defaultValue":{},"type":"SecureObject"}},"triggers":{"manual":{"type":"Request","kind":"Button","inputs":{"schema":{"type":"object","properties":{},"required":[]}}}},"actions":{"Html_to_text":{"runAfter":{"NewLine":["Succeeded"]},"metadata":{"flowSystemMetadata":{"swaggerOperationId":"HtmlToText"}},"type":"ApiConnection","inputs":{"host":{"connection":{"name":"@json(decodeBase64(triggerOutputs().headers['X-MS-APIM-Tokens']))['$connections']['shared_conversionservice']['connectionId']"},"api":{"runtimeUrl":"https://flow-apim-msmanaged-na-centralus-01.azure-apim.net/apim/conversionservice"}},"method":"post","body":"<p>LAST KNOWN DATE DATA WAS RECEIVED OR LOADED<br>\n<br>\nLOC LOC_NAME &nbsp;LAST_LOAD<br>\n-------- ---------------------------------------- --------------------------<br>\n1 Site 1 &nbsp;&nbsp;&nbsp;&nbsp;&nbsp;&nbsp;26-SEP-19<br>\n<br>\n2 Site 2 &nbsp; &nbsp;&nbsp;&nbsp;&nbsp;&nbsp;&nbsp;&nbsp;&nbsp;&nbsp;&nbsp;&nbsp;&nbsp;&nbsp;&nbsp;&nbsp;&nbsp;26-SEP-19<br>\n<br>\n3 Site 3 &nbsp;&nbsp;&nbsp;&nbsp;26-SEP-19<br>\n<br>\n4 Site 4 &nbsp;&nbsp;&nbsp;&nbsp;&nbsp;&nbsp;&nbsp;&nbsp;&nbsp;&nbsp;&nbsp;&nbsp;&nbsp;&nbsp;&nbsp;&nbsp;&nbsp;&nbsp;&nbsp;&nbsp;&nbsp;&nbsp;&nbsp;&nbsp;&nbsp;&nbsp;07-SEP-19<br>\n<br>\n5 Site 5 &nbsp;&nbsp;&nbsp;&nbsp;&nbsp;&nbsp;&nbsp;&nbsp;&nbsp;&nbsp;26-SEP-19</p>","path":"/html2text","authentication":{"type":"Raw","value":"@json(decodeBase64(triggerOutputs().headers['X-MS-APIM-Tokens']))['$ConnectionKey']"}}},"NewLine":{"runAfter":{},"type":"Compose","inputs":"@decodeUriComponent('%0A')"},"Compose":{"runAfter":{"Html_to_text":["Succeeded"]},"type":"Compose","inputs":"@split(body('Html_to_text'),outputs('NewLine'))"},"Compose_2":{"runAfter":{"Compose":["Succeeded"]},"type":"Compose","inputs":"@range(4,length(outputs('Compose')))"},"Select":{"runAfter":{"Compose_2":["Succeeded"]},"type":"Select","inputs":{"from":"@outputs('Compose_2')","select":"@outputs('Compose')?[item()]"}},"Filter_array":{"runAfter":{"Select":["Succeeded"]},"type":"Query","inputs":{"from":"@body('Select')","where":"@and(not(equals(item(), '')),not(equals(item(), null)))"}},"Select_2":{"runAfter":{"Filter_array":["Succeeded"]},"type":"Select","inputs":{"from":"@body('Filter_array')","select":"@substring(item(),sub(length(item()),9),9)"}},"Select_3":{"runAfter":{"Select_2":["Succeeded"]},"type":"Select","inputs":{"from":"@body('Select_2')","select":{"DateText":"@item()","ActualDate":"@convertToUtc(item(),'Central Standard Time')"}}},"Filter_array_2":{"runAfter":{"Select_3":["Succeeded"]},"type":"Query","inputs":{"from":"@body('Select_3')","where":"@less(item()?['ActualDate'], addDays(utcNow(), -10))"}}}},"connectionReferences":{"shared_conversionservice":{"connectionName":"shared-conversionser-5ce907c9-4102-4d2a-9a03-d6cbb70fdffa","source":"Invoker","id":"/providers/Microsoft.PowerApps/apis/shared_conversionservice","tier":"NotSpecified"}},"flowFailureAlertSubscribed":false}}