{"name":"7806c572-2ca4-4359-a34b-ba77a66a4199","id":"/providers/Microsoft.Flow/flows/7806c572-2ca4-4359-a34b-ba77a66a4199","type":"Microsoft.Flow/flows","properties":{"apiId":"/providers/Microsoft.PowerApps/apis/shared_logicflows","displayName":"📙 Expressions 401 - Reduce number of Variables -  💾 API Calls","definition":{"metadata":{"workflowEntityId":null,"flowclientsuspensionreason":"None","flowclientsuspensiontime":null,"creator":{"id":"ddc02d42-c492-454d-94ce-778a07b5b8c6","type":"User","tenantId":"07446956-493d-42c8-ad05-e939cb52153f"},"provisioningMethod":"FromDefinition","failureAlertSubscription":true,"clientLastModifiedTime":"2021-02-11T21:02:22.6229944Z"},"$schema":"https://schema.management.azure.com/providers/Microsoft.Logic/schemas/2016-06-01/workflowdefinition.json#","contentVersion":"1.0.0.0","parameters":{"$authentication":{"defaultValue":{},"type":"SecureObject"}},"triggers":{"manual":{"type":"Request","kind":"Button","inputs":{"schema":{"type":"object","properties":{},"required":[]}}}},"actions":{"Name":{"runAfter":{},"type":"InitializeVariable","inputs":{"variables":[{"name":"varName","type":"string","value":"Jon"}]}},"Title":{"runAfter":{"Name":["Succeeded"]},"type":"InitializeVariable","inputs":{"variables":[{"name":"varTitle","type":"string","value":"Power Platform Evangelist"}]}},"Company":{"runAfter":{"Title":["Succeeded"]},"type":"InitializeVariable","inputs":{"variables":[{"name":"varCompany","type":"string","value":"Microsoft"}]}},"Years_of_experience":{"runAfter":{"Company":["Succeeded"]},"type":"InitializeVariable","inputs":{"variables":[{"name":"varYears","type":"integer","value":20}]}},"Expertise":{"runAfter":{"Years_of_experience":["Succeeded"]},"type":"InitializeVariable","inputs":{"variables":[{"name":"varExpertise","type":"array","value":["Power Apps","Power Automate","Power BI"]}]}},"Profile":{"runAfter":{"Expertise":["Succeeded"]},"type":"InitializeVariable","inputs":{"variables":[{"name":"varProfile","type":"object","value":{"Name":"Jon L","Title":"Power Platform Evangelist","Company":"Microsoft","YearsofExperience":20,"Expertise":["Power Apps","Power Automate","Power BI"]}}]}},"Set_object_variable_value_1":{"runAfter":{"Profile":["Succeeded"]},"type":"Compose","inputs":"@setProperty(variables('varProfile'),'Title','Power Automate Guru')"},"Set_object_variable_value_2":{"runAfter":{"Set_object_variable_value_1":["Succeeded"]},"type":"Compose","inputs":"@setProperty(setProperty(variables('varProfile'),'Expertise',union(variables('varProfile')?['Expertise'],createArray('Power BI'))),'Name','RD')"},"Set_object_variable_value_3":{"runAfter":{"Set_object_variable_value_2":["Succeeded"]},"type":"Compose","inputs":"@\r\naddProperty(setProperty(setProperty(variables('varProfile'),'Expertise',union(variables('varProfile')?['Expertise'],createArray('Power BI'))),'Name','RD'),'Learning Expressions', true)"}}},"connectionReferences":{},"flowFailureAlertSubscribed":false}}