{"name":"6056c282-6485-4809-a28c-8e38a9ccdd03","id":"/providers/Microsoft.Flow/flows/6056c282-6485-4809-a28c-8e38a9ccdd03","type":"Microsoft.Flow/flows","properties":{"apiId":"/providers/Microsoft.PowerApps/apis/shared_logicflows","displayName":"Create a To Do Task ","definition":{"metadata":{"workflowEntityId":null,"processAdvisorMetadata":null,"flowclientsuspensionreason":"None","flowclientsuspensiontime":null,"creator":{"id":"ddc02d42-c492-454d-94ce-778a07b5b8c6","type":"User","tenantId":"07446956-493d-42c8-ad05-e939cb52153f"},"provisioningMethod":"FromDefinition","failureAlertSubscription":true,"clientLastModifiedTime":"2022-03-18T21:04:46.9382184Z"},"$schema":"https://schema.management.azure.com/providers/Microsoft.Logic/schemas/2016-06-01/workflowdefinition.json#","contentVersion":"1.0.0.0","parameters":{"$connections":{"defaultValue":{},"type":"Object"},"$authentication":{"defaultValue":{},"type":"SecureObject"}},"triggers":{"manual":{"splitOn":"@triggerBody()['rows']","metadata":{"operationMetadataId":"0cab094c-14d9-43b7-b5ff-7d7d8b07ebee","flowSystemMetadata":{"swaggerOperationId":"ForASelectedMessage","taskModuleWidth":null,"taskModuleHeight":null,"inputsAdaptiveCard":"{\"$schema\":\"http://adaptivecards.io/schemas/adaptive-card.json\",\"type\":\"AdaptiveCard\",\"version\":\"1.2\",\"body\":[{\"type\":\"TextBlock\",\"text\":\"Create a Microsoft To Do  ✔️ Task\",\"weight\":\"Bolder\",\"size\":\"Medium\"},{\"type\":\"TextBlock\",\"text\":\"Task Title\",\"wrap\":true},{\"type\":\"Input.Text\",\"placeholder\":\"Task Title\",\"spacing\":\"None\",\"id\":\"acTaskTitle\"},{\"type\":\"TextBlock\",\"text\":\"Due Date\",\"wrap\":true},{\"type\":\"Input.Date\",\"id\":\"acDueDate\"}],\"actions\":[{\"type\":\"Action.Submit\",\"title\":\"Submit\"}],\"-ms-tokens\":{}}"}},"type":"Request","kind":"ApiConnection","inputs":{"schema":{"type":"object","properties":{"rows":{"type":"array","items":{"type":"object","properties":{"entity":{"type":"object","properties":{"cardOutputs":{"type":"object","properties":{"acTaskTitle":{"title":"acTaskTitle","type":"string"},"acDueDate":{"title":"acDueDate","type":"string"}},"required":[]},"teamsFlowRunContext":{"type":"object","properties":{"messagePayload":{"type":"object","properties":{"subject":{"title":"Message Subject","type":"string"},"body":{"type":"object","properties":{"plainText":{"title":"Plain Text Message Content","type":"string"}},"required":[]},"linkToMessage":{"title":"Link to message","type":"string"}},"required":[]},"from":{"type":"object","properties":{"aadObjectId":{"title":"Originating User ID","type":"string"}},"required":[]}},"required":[]}},"required":[]}},"required":[]}}},"required":[]},"host":{"connection":{"name":"@parameters('$connections')['shared_teams']['connectionId']"},"api":{"runtimeUrl":"https://unitedstates-002.azure-apim.net/apim/teams"}},"operationId":"ForASelectedMessage","parameters":{"inputsAdaptiveCard":"{\"$schema\":\"http://adaptivecards.io/schemas/adaptive-card.json\",\"type\":\"AdaptiveCard\",\"version\":\"1.2\",\"body\":[{\"type\":\"TextBlock\",\"text\":\"Create a Microsoft To Do  ✔️ Task\",\"weight\":\"Bolder\",\"size\":\"Medium\"},{\"type\":\"TextBlock\",\"text\":\"Task Title\",\"wrap\":true},{\"type\":\"Input.Text\",\"placeholder\":\"Task Title\",\"spacing\":\"None\",\"id\":\"acTaskTitle\"},{\"type\":\"TextBlock\",\"text\":\"Due Date\",\"wrap\":true},{\"type\":\"Input.Date\",\"id\":\"acDueDate\"}],\"actions\":[{\"type\":\"Action.Submit\",\"title\":\"Submit\"}],\"-ms-tokens\":{}}"}}}},"actions":{"Add_a_to-do_(V3)":{"runAfter":{},"metadata":{"operationMetadataId":"6232a705-c61b-444d-a6b9-38906cde4413"},"type":"OpenApiConnection","inputs":{"host":{"apiId":"/providers/Microsoft.PowerApps/apis/shared_todo","connectionName":"shared_todo","operationId":"CreateToDoV3"},"parameters":{"folderId":"AAMkADI5M2JiMDA2LTAzMzEtNDJmZS1iZDZlLTgyZjI3YWQ2MjE5MgAuAAAAAACl1xXmWJI0Qo6j4G41YhBnAQDGaNCkeM35SY8zXX6f8NZ_AAAAAAESAAA=","body/title":"@triggerBody()?['entity']?['cardOutputs']?['acTaskTitle']","body/dueDateTime/dateTime":"@triggerBody()?['entity']?['cardOutputs']?['acDueDate']","body/importance":"normal","body/status":"notStarted","body/body/content":"<p>Message Subject: @{triggerBody()?['entity']?['teamsFlowRunContext']?['messagePayload']?['subject']}<br>\n<br>\nMessage Body: @{triggerBody()?['entity']?['teamsFlowRunContext']?['messagePayload']?['body']?['plainText']}<br>\n<br>\n<a href='@{triggerBody()?['entity']?['teamsFlowRunContext']?['messagePayload']?['linkToMessage']}'>Link to message</a>\n</p>"},"authentication":{"value":"@json(decodeBase64(triggerOutputs().headers['X-MS-APIM-Tokens']))['$ConnectionKey']","type":"Raw"}}},"Post_adaptive_card_in_a_chat_or_channel":{"runAfter":{"Add_a_to-do_(V3)":["Succeeded"]},"metadata":{"operationMetadataId":"404553d8-0572-4c72-8268-d6c06d384b40"},"type":"OpenApiConnection","inputs":{"host":{"apiId":"/providers/Microsoft.PowerApps/apis/shared_teams","connectionName":"shared_teams","operationId":"PostCardToConversation"},"parameters":{"poster":"Flow bot","location":"Chat with Flow bot","body/recipient":"@{triggerBody()?['entity']?['teamsFlowRunContext']?['from']?['aadObjectId']};","body/messageBody":"{\n    \"type\": \"AdaptiveCard\",\n    \"$schema\": \"http://adaptivecards.io/schemas/adaptive-card.json\",\n    \"version\": \"1.4\",\n    \"body\": [\n        {\n            \"type\": \"TextBlock\",\n            \"text\": \"@{triggerBody()?['entity']?['cardOutputs']?['acTaskTitle']}\",\n            \"wrap\": true\n        }\n    ],\n    \"actions\": [\n        {\n            \"type\": \"Action.OpenUrl\",\n            \"title\": \"Open To Do\",\n            \"url\": \"https://to-do.office.com/tasks/id/@{outputs('Add_a_to-do_(V3)')?['body/id']}/details\"\n        }\n    ]\n}"},"authentication":{"value":"@json(decodeBase64(triggerOutputs().headers['X-MS-APIM-Tokens']))['$ConnectionKey']","type":"Raw"}}}}},"connectionReferences":{"shared_teams":{"connectionName":"shared-teams-0f2e2f64-4c31-4435-b09d-2989-634e918d","source":"Invoker","id":"/providers/Microsoft.PowerApps/apis/shared_teams","tier":"NotSpecified"},"shared_todo":{"connectionName":"b309f380b5d148ea9df9209259f16be0","source":"Invoker","id":"/providers/Microsoft.PowerApps/apis/shared_todo","tier":"NotSpecified"}},"flowFailureAlertSubscribed":false}}