{"name":"8362e46d-d8cf-4bd3-b9bf-7107de40b19b","id":"/providers/Microsoft.Flow/flows/8362e46d-d8cf-4bd3-b9bf-7107de40b19b","type":"Microsoft.Flow/flows","properties":{"apiId":"/providers/Microsoft.PowerApps/apis/shared_logicflows","displayName":"Excel data import with logging","definition":{"metadata":{"workflowEntityId":null,"processAdvisorMetadata":null,"flowclientsuspensionreason":"None","flowclientsuspensiontime":null,"creator":{"id":"ddc02d42-c492-454d-94ce-778a07b5b8c6","type":"User","tenantId":"07446956-493d-42c8-ad05-e939cb52153f"},"provisioningMethod":"FromDefinition","failureAlertSubscription":true,"clientLastModifiedTime":"2022-03-07T14:24:55.7609031Z"},"$schema":"https://schema.management.azure.com/providers/Microsoft.Logic/schemas/2016-06-01/workflowdefinition.json#","contentVersion":"1.0.0.0","parameters":{"$connections":{"defaultValue":{},"type":"Object"},"$authentication":{"defaultValue":{},"type":"SecureObject"}},"triggers":{"manual":{"metadata":{"operationMetadataId":"5e750eaa-f2d1-4853-ae3f-086738236962"},"type":"Request","kind":"Button","inputs":{"schema":{"type":"object","properties":{},"required":[]}}}},"actions":{"Get_files_(properties_only)":{"runAfter":{},"metadata":{"operationMetadataId":"732baa3e-1180-4f68-96c2-36b1dd24d8e6"},"type":"OpenApiConnection","inputs":{"host":{"apiId":"/providers/Microsoft.PowerApps/apis/shared_sharepointonline","connectionName":"shared_sharepointonline","operationId":"GetFileItems"},"parameters":{"dataset":"https://thepoweraddicts.sharepoint.com/sites/Tecfluence","table":"1f41561b-c9ae-4b0b-91c8-155fc9b5ac97","$filter":"Status eq 'New'"},"authentication":{"value":"@json(decodeBase64(triggerOutputs().headers['X-MS-APIM-Tokens']))['$ConnectionKey']","type":"Raw"}}},"Apply_to_each":{"foreach":"@outputs('Get_files_(properties_only)')?['body/value']","actions":{"List_rows_present_in_a_table":{"runAfter":{"Set_variable_2":["Succeeded"]},"metadata":{"operationMetadataId":"c2f33218-5e43-4d5c-961c-fcc4446bcdb3","tableId":"JobTable"},"type":"OpenApiConnection","inputs":{"host":{"apiId":"/providers/Microsoft.PowerApps/apis/shared_excelonlinebusiness","connectionName":"shared_excelonlinebusiness","operationId":"GetItems"},"parameters":{"source":"https://thepoweraddicts.sharepoint.com/sites/Tecfluence","drive":"b!J7I6RCW4QUaczD6U37cPngXsfPNhBsBNpFP0WfAHu2obVkEfrskLS5HIFV_JtayX","file":"@items('Apply_to_each')?['{FullPath}']","table":"JobTable","dateTimeFormat":"ISO 8601"},"authentication":{"value":"@json(decodeBase64(triggerOutputs().headers['X-MS-APIM-Tokens']))['$ConnectionKey']","type":"Raw"}}},"Apply_to_each_2":{"foreach":"@outputs('List_rows_present_in_a_table')?['body/value']","actions":{"Select":{"runAfter":{"Filter_array":["Succeeded"]},"metadata":{"operationMetadataId":"eac52cb9-84aa-42bf-9825-474ac741ce22"},"type":"Select","inputs":{"from":"@split(item()?['SubCons'],';')","select":{"Claims":"@item()"}}},"Select_2":{"runAfter":{"Select":["Succeeded"]},"metadata":{"operationMetadataId":"33002809-6baf-4855-ade8-847975dd474b"},"type":"Select","inputs":{"from":"@split(item()?['Tools'],';')","select":{"Value":"@item()"}}},"Scope":{"actions":{"Get_Job_Items":{"runAfter":{},"metadata":{"operationMetadataId":"9cdc26c1-48c9-45a8-af98-798f2283b2b7"},"type":"OpenApiConnection","inputs":{"host":{"apiId":"/providers/Microsoft.PowerApps/apis/shared_sharepointonline","connectionName":"shared_sharepointonline","operationId":"GetItems"},"parameters":{"dataset":"https://thepoweraddicts.sharepoint.com/sites/Tecfluence","table":"c14ceb3e-b2ce-4422-a9d8-2ed989fcb53b","$filter":"JobID eq '@{item()?['Job ID']}'","$top":1},"authentication":{"value":"@json(decodeBase64(triggerOutputs().headers['X-MS-APIM-Tokens']))['$ConnectionKey']","type":"Raw"}}},"Condition_2":{"actions":{"Append_to_array_variable":{"runAfter":{"Scope_2":["Succeeded"]},"metadata":{"operationMetadataId":"36e22f21-dd3e-43d2-b626-d6d8ec8078cf"},"type":"AppendToArrayVariable","inputs":{"name":"varLogSuccess","value":"@{item()?['Job ID']}\n\n"}},"Filter_array_2":{"runAfter":{"Scope_2":["Failed"]},"metadata":{"operationMetadataId":"853214ac-cc22-4a24-9386-efb4ed69a03a"},"type":"Query","inputs":{"from":"@result('Scope_2')","where":"@equals(item()?['Status'], 'Failed')"}},"Append_to_array_variable_2":{"runAfter":{"Filter_array_2":["Succeeded"]},"metadata":{"operationMetadataId":"e631cb3a-b4bd-4196-9fef-e4f29b30a5a4"},"type":"AppendToArrayVariable","inputs":{"name":"varLogFailure","value":"@{item()?['Job ID']}: @{body('Filter_array_2')?[0]?['error']?['message']}\n\n"}},"Scope_2":{"actions":{"Create_item":{"runAfter":{},"metadata":{"operationMetadataId":"2bc5f1db-bb4a-45a1-9d3d-e0562ec46771"},"type":"OpenApiConnection","inputs":{"host":{"apiId":"/providers/Microsoft.PowerApps/apis/shared_sharepointonline","connectionName":"shared_sharepointonline","operationId":"PostItem"},"parameters":{"dataset":"https://thepoweraddicts.sharepoint.com/sites/Tecfluence","table":"c14ceb3e-b2ce-4422-a9d8-2ed989fcb53b","item/Title":"@items('Apply_to_each_2')?['Title']","item/JobID":"@item()?['Job ID']","item/JobType/Id":"@body('Filter_array')?[0]?['ID']","item/Engineer/Claims":"@if(equals(item()?['Engineer'],''),null,item()?['Engineer'])","item/JobStatus/Value":"@item()?['Job Status']","item/Tools":"@body('Select_2')","item/SubCons":"@if(equals(item()?['SubCons'],''),null,body('Select'))","item/JobSite/Value":"@item()?['Job Site']","item/DueDate":"@items('Apply_to_each_2')?['Due Date']","item/StartDate":"@if(equals(item()?['Start Date'],''),null,item()?['Start Date'])","item/EndDate":"@items('Apply_to_each_2')?['End Date']","item/Notes":"@items('Apply_to_each_2')?['Notes']","item/Info":"@item()?['Info']"},"authentication":{"value":"@json(decodeBase64(triggerOutputs().headers['X-MS-APIM-Tokens']))['$ConnectionKey']","type":"Raw"}}}},"runAfter":{},"metadata":{"operationMetadataId":"97fb85c1-8126-4a73-9a97-dd4025cd4283"},"type":"Scope"}},"runAfter":{"Apply_to_each_3":["Succeeded"]},"else":{"actions":{"Append_to_array_variable_3":{"runAfter":{"Scope_3":["Succeeded"]},"metadata":{"operationMetadataId":"36e22f21-dd3e-43d2-b626-d6d8ec8078cf"},"type":"AppendToArrayVariable","inputs":{"name":"varLogSuccess","value":"@{item()?['Job ID']}\n\n"}},"Filter_array_3":{"runAfter":{"Scope_3":["Failed"]},"metadata":{"operationMetadataId":"853214ac-cc22-4a24-9386-efb4ed69a03a"},"type":"Query","inputs":{"from":"@result('Scope_3')","where":"@equals(item()?['Status'], 'Failed')"}},"Append_to_array_variable_4":{"runAfter":{"Filter_array_3":["Succeeded"]},"metadata":{"operationMetadataId":"e631cb3a-b4bd-4196-9fef-e4f29b30a5a4"},"type":"AppendToArrayVariable","inputs":{"name":"varLogFailure","value":"@{items('Apply_to_each_2')?['Job ID']}: @{body('Filter_array_3')?[0]?['error']?['message']}\n\n"}},"Scope_3":{"actions":{"Update_item":{"runAfter":{},"metadata":{"operationMetadataId":"ae3cdca3-a9a3-4dc5-9777-917dfcec8c2e"},"type":"OpenApiConnection","inputs":{"host":{"apiId":"/providers/Microsoft.PowerApps/apis/shared_sharepointonline","connectionName":"shared_sharepointonline","operationId":"PatchItem"},"parameters":{"dataset":"https://thepoweraddicts.sharepoint.com/sites/Tecfluence","table":"c14ceb3e-b2ce-4422-a9d8-2ed989fcb53b","id":"@outputs('Get_Job_Items')?['body/value']?[0]?['ID']","item/Title":"@items('Apply_to_each_2')?['Title']","item/JobType/Id":"@body('Filter_array')?[0]?['ID']","item/Engineer/Claims":"@if(equals(item()?['Engineer'],''),null,item()?['Engineer'])","item/JobStatus/Value":"@items('Apply_to_each_2')?['Job Status']","item/Tools":"@body('Select_2')","item/SubCons":"@if(equals(item()?['SubCons'],''),null,body('Select'))","item/JobSite/Value":"@items('Apply_to_each_2')?['Job Site']","item/DueDate":"@items('Apply_to_each_2')?['Due Date']","item/StartDate":"@if(equals(item()?['Start Date'],''),null,item()?['Start Date'])","item/EndDate":"@items('Apply_to_each_2')?['End Date']","item/Notes":"@items('Apply_to_each_2')?['Notes']","item/Info":"@if(equals(item()?['Info'],''),null,item()?['Info'])"},"authentication":{"value":"@json(decodeBase64(triggerOutputs().headers['X-MS-APIM-Tokens']))['$ConnectionKey']","type":"Raw"}}}},"runAfter":{},"metadata":{"operationMetadataId":"c659bbf2-7a8c-468d-bfe6-53a0e09d2ac6"},"type":"Scope"}}},"expression":{"equals":["@length(outputs('Get_Job_Items')?['body/value'])",0]},"metadata":{"operationMetadataId":"81e30319-8eec-4513-86f0-93a2927ac4be"},"type":"If"},"Apply_to_each_3":{"foreach":"@outputs('Get_Job_Items')?['body/value']","actions":{"Compose":{"runAfter":{},"metadata":{"operationMetadataId":"589aeccf-9315-4e22-8171-17eac3f20906"},"type":"Compose","inputs":"@items('Apply_to_each_3')?['ID']"}},"runAfter":{"Get_Job_Items":["Succeeded"]},"metadata":{"operationMetadataId":"d66089f6-9303-4bab-9b44-81ed87661498"},"type":"Foreach"}},"runAfter":{"Select_2":["Succeeded"]},"metadata":{"operationMetadataId":"31f4b0dc-e818-40ad-80ba-86b3905b2af5"},"type":"Scope"},"Filter_array":{"runAfter":{},"metadata":{"operationMetadataId":"21e95cc6-ed1c-4bbe-bff5-11fd9e5bab08"},"type":"Query","inputs":{"from":"@outputs('Get_items')?['body/value']","where":"@equals(item()?['Title'], items('Apply_to_each_2')?['Job Type'])"}}},"runAfter":{"List_rows_present_in_a_table":["Succeeded"]},"metadata":{"operationMetadataId":"526654e0-4906-4dfc-a42b-d4e9a855c658"},"type":"Foreach","runtimeConfiguration":{"concurrency":{"repetitions":20}}},"Update_file_properties":{"runAfter":{},"metadata":{"operationMetadataId":"a0887273-830d-4d2c-b547-1ce2db238577"},"type":"OpenApiConnection","inputs":{"host":{"apiId":"/providers/Microsoft.PowerApps/apis/shared_sharepointonline","connectionName":"shared_sharepointonline","operationId":"PatchFileItem"},"parameters":{"dataset":"https://thepoweraddicts.sharepoint.com/sites/Tecfluence","table":"1f41561b-c9ae-4b0b-91c8-155fc9b5ac97","id":"@items('Apply_to_each')?['ID']","item/Status/Value":"In Progress"},"authentication":{"value":"@json(decodeBase64(triggerOutputs().headers['X-MS-APIM-Tokens']))['$ConnectionKey']","type":"Raw"}}},"Set_variable":{"runAfter":{"Update_file_properties":["Succeeded"]},"metadata":{"operationMetadataId":"30bd25d7-b3ac-4c83-b8fc-e54655ff9c61"},"type":"SetVariable","inputs":{"name":"varLogFailure","value":[]}},"Set_variable_2":{"runAfter":{"Set_variable":["Succeeded"]},"metadata":{"operationMetadataId":"9d7432e9-0482-448d-9c63-a2c66c2e947e"},"type":"SetVariable","inputs":{"name":"varLogSuccess","value":[]}},"Condition":{"actions":{"Update_file_properties_2":{"runAfter":{},"metadata":{"operationMetadataId":"a0887273-830d-4d2c-b547-1ce2db238577"},"type":"OpenApiConnection","inputs":{"host":{"apiId":"/providers/Microsoft.PowerApps/apis/shared_sharepointonline","connectionName":"shared_sharepointonline","operationId":"PatchFileItem"},"parameters":{"dataset":"https://thepoweraddicts.sharepoint.com/sites/Tecfluence","table":"1f41561b-c9ae-4b0b-91c8-155fc9b5ac97","id":"@items('Apply_to_each')?['ID']","item/Status/Value":"Completed","item/SuccessLog":"@join(variables('varLogSuccess'),' ')"},"authentication":{"value":"@json(decodeBase64(triggerOutputs().headers['X-MS-APIM-Tokens']))['$ConnectionKey']","type":"Raw"}}}},"runAfter":{"Delay":["Succeeded"]},"else":{"actions":{"Update_file_properties_3":{"runAfter":{},"metadata":{"operationMetadataId":"a0887273-830d-4d2c-b547-1ce2db238577"},"type":"OpenApiConnection","inputs":{"host":{"apiId":"/providers/Microsoft.PowerApps/apis/shared_sharepointonline","connectionName":"shared_sharepointonline","operationId":"PatchFileItem"},"parameters":{"dataset":"https://thepoweraddicts.sharepoint.com/sites/Tecfluence","table":"1f41561b-c9ae-4b0b-91c8-155fc9b5ac97","id":"@items('Apply_to_each')?['ID']","item/Status/Value":"Failed","item/SuccessLog":"@join(variables('varLogSuccess'),' ')","item/FailureLog":"@join(variables('varLogFailure'),' ')"},"authentication":{"value":"@json(decodeBase64(triggerOutputs().headers['X-MS-APIM-Tokens']))['$ConnectionKey']","type":"Raw"}}}}},"expression":{"equals":["@length(variables('varLogFailure'))",0]},"metadata":{"operationMetadataId":"08afb9a5-632d-42d0-8fcf-9ae516345af9"},"type":"If"},"Delay":{"runAfter":{"Apply_to_each_2":["Succeeded","Failed","Skipped","TimedOut"]},"metadata":{"operationMetadataId":"f83ac8a8-4356-4cdd-aea8-44f8489fb5fa"},"type":"Wait","inputs":{"interval":{"count":6,"unit":"Minute"}}}},"runAfter":{"Initialize_variable_2":["Succeeded"]},"metadata":{"operationMetadataId":"2ba4f87d-1796-4d0e-be91-c0e9ed277644"},"type":"Foreach"},"Get_items":{"runAfter":{"Get_files_(properties_only)":["Succeeded"]},"metadata":{"operationMetadataId":"50eb9737-1fa4-4038-9d4d-b8afc7cd6889"},"type":"OpenApiConnection","inputs":{"host":{"apiId":"/providers/Microsoft.PowerApps/apis/shared_sharepointonline","connectionName":"shared_sharepointonline","operationId":"GetItems"},"parameters":{"dataset":"https://thepoweraddicts.sharepoint.com/sites/Tecfluence","table":"30db7599-ec91-4aed-843b-41d97a8d9a52"},"authentication":{"value":"@json(decodeBase64(triggerOutputs().headers['X-MS-APIM-Tokens']))['$ConnectionKey']","type":"Raw"}}},"Initialize_variable":{"runAfter":{"Get_items":["Succeeded"]},"metadata":{"operationMetadataId":"2b9c023d-ce0a-4687-a16f-0c86cd56d72b"},"type":"InitializeVariable","inputs":{"variables":[{"name":"varLogSuccess","type":"array"}]}},"Initialize_variable_2":{"runAfter":{"Initialize_variable":["Succeeded"]},"metadata":{"operationMetadataId":"283291ff-7104-4cf3-9ed0-1214d5d47ab6"},"type":"InitializeVariable","inputs":{"variables":[{"name":"varLogFailure","type":"array"}]}}}},"connectionReferences":{"shared_sharepointonline":{"connectionName":"a0ed098f502a4ca4bb59859b743dc374","source":"Invoker","id":"/providers/Microsoft.PowerApps/apis/shared_sharepointonline","tier":"NotSpecified"},"shared_excelonlinebusiness":{"connectionName":"shared-excelonlinebu-03c28664-7d2f-4357-a69a-43d3-168a1e8f","source":"Invoker","id":"/providers/Microsoft.PowerApps/apis/shared_excelonlinebusiness","tier":"NotSpecified"}},"flowFailureAlertSubscribed":false}}