{"name":"c57d894a-9d26-4d86-a2ff-bd1977167a40","id":"/providers/Microsoft.Flow/flows/c57d894a-9d26-4d86-a2ff-bd1977167a40","type":"Microsoft.Flow/flows","properties":{"apiId":"/providers/Microsoft.PowerApps/apis/shared_logicflows","displayName":"Document Approval Workflow","definition":{"metadata":{"workflowEntityId":null,"processAdvisorMetadata":null,"flowclientsuspensionreason":"None","flowclientsuspensiontime":null,"creator":{"id":"ddc02d42-c492-454d-94ce-778a07b5b8c6","type":"User","tenantId":"07446956-493d-42c8-ad05-e939cb52153f"},"provisioningMethod":"FromDefinition","failureAlertSubscription":true,"clientLastModifiedTime":"2021-10-22T21:14:49.5840081Z"},"$schema":"https://schema.management.azure.com/providers/Microsoft.Logic/schemas/2016-06-01/workflowdefinition.json#","contentVersion":"1.0.0.0","parameters":{"$connections":{"defaultValue":{},"type":"Object"},"$authentication":{"defaultValue":{},"type":"SecureObject"}},"triggers":{"When_a_file_is_created_(properties_only)":{"recurrence":{"frequency":"Minute","interval":1},"splitOn":"@triggerOutputs()?['body/value']","type":"OpenApiConnection","inputs":{"host":{"apiId":"/providers/Microsoft.PowerApps/apis/shared_sharepointonline","connectionName":"shared_sharepointonline","operationId":"GetOnNewFileItems"},"parameters":{"dataset":"https://thepoweraddicts.sharepoint.com/sites/RDTech","table":"de9ba3e1-fb82-4e53-b882-075c656fcd6c"},"authentication":"@parameters('$authentication')"}}},"actions":{"Update_file_properties":{"runAfter":{"SharePoint_Group_Members":["Succeeded"]},"type":"OpenApiConnection","inputs":{"host":{"apiId":"/providers/Microsoft.PowerApps/apis/shared_sharepointonline","connectionName":"shared_sharepointonline","operationId":"PatchFileItem"},"parameters":{"dataset":"https://thepoweraddicts.sharepoint.com/sites/RDTech","table":"de9ba3e1-fb82-4e53-b882-075c656fcd6c","id":"@triggerOutputs()?['body/ID']","item/ApprovalStatus/Value":"Pending","item/ApproversResponsePending":"@body('Claims_Approvers')"},"authentication":"@parameters('$authentication')"}},"SharePoint_Group_Members":{"actions":{"Get_SharePoint_Group_Members":{"runAfter":{},"type":"OpenApiConnection","inputs":{"host":{"apiId":"/providers/Microsoft.PowerApps/apis/shared_sharepointonline","connectionName":"shared_sharepointonline","operationId":"HttpRequest"},"parameters":{"dataset":"https://thepoweraddicts.sharepoint.com/sites/RDTech","parameters/method":"GET","parameters/uri":"_api/web/sitegroups(56)/users"},"authentication":"@parameters('$authentication')"}},"SP_Group_Member_Emails":{"runAfter":{"Select_Member_Emails":["Succeeded"]},"type":"Compose","inputs":"@join(body('Select_Member_Emails'), ';')"},"Select_Member_Emails":{"runAfter":{"Get_SharePoint_Group_Members":["Succeeded"]},"type":"Select","inputs":{"from":"@body('Get_SharePoint_Group_Members')?['d']?['results']","select":"@item()?['Email']"}},"Claims_Approvers":{"runAfter":{"SP_Group_Member_Emails":["Succeeded"]},"type":"Select","inputs":{"from":"@body('Get_SharePoint_Group_Members')?['d']?['results']","select":{"Claims":"@item()?['loginName']"}}}},"runAfter":{},"type":"Scope"},"Start_and_wait_for_an_approval":{"runAfter":{"Update_file_properties":["Succeeded"]},"type":"OpenApiConnectionWebhook","inputs":{"host":{"apiId":"/providers/Microsoft.PowerApps/apis/shared_approvals","connectionName":"shared_approvals","operationId":"StartAndWaitForAnApproval"},"parameters":{"approvalType":"CustomResponseAwaitAll","WebhookApprovalCreationInput/responseOptions":["Yes","No"],"WebhookApprovalCreationInput/title":"Document Review for @{triggerOutputs()?['body/{Name}']}","WebhookApprovalCreationInput/assignedTo":"@{outputs('SP_Group_Member_Emails')};","WebhookApprovalCreationInput/details":"@{triggerOutputs()?['body/{Name}']}\n@{triggerOutputs()?['body/Author/DisplayName']}","WebhookApprovalCreationInput/itemLink":"@triggerOutputs()?['body/{Link}']","WebhookApprovalCreationInput/itemLinkDescription":"@outputs('Update_file_properties')?['body/{Name}']","WebhookApprovalCreationInput/enableNotifications":true,"WebhookApprovalCreationInput/enableReassignment":true},"authentication":"@parameters('$authentication')"}},"Filter_array_Yes":{"runAfter":{"Start_and_wait_for_an_approval":["Succeeded"]},"type":"Query","inputs":{"from":"@outputs('Start_and_wait_for_an_approval')?['body/responses']","where":"@equals(item()?['approverResponse'], 'Yes')"}},"Filter_array_No":{"runAfter":{"Approver_Claims_Yes":["Succeeded"]},"type":"Query","inputs":{"from":"@outputs('Start_and_wait_for_an_approval')?['body/responses']","where":"@equals(item()?['approverResponse'], 'No')"}},"Update_file_properties_with_approval_decision":{"runAfter":{"Approver_Claims_No":["Succeeded"]},"type":"OpenApiConnection","inputs":{"host":{"apiId":"/providers/Microsoft.PowerApps/apis/shared_sharepointonline","connectionName":"shared_sharepointonline","operationId":"PatchFileItem"},"parameters":{"dataset":"https://thepoweraddicts.sharepoint.com/sites/RDTech","table":"de9ba3e1-fb82-4e53-b882-075c656fcd6c","id":"@triggerOutputs()?['body/ID']","item/ApprovalStatus/Value":"@if(greaterOrEquals(length(body('Filter_array_Yes')),length(body('Filter_array_No'))),'Approved','Rejected')","item/ApproversResponsePending":"@null","item/ApproversResponseYes":"@if(equals(length(body('Filter_array_Yes')),0),null,body('Approver_Claims_Yes'))","item/ApproversResponseNo":"@if(equals(length(body('Filter_array_No')),0),null,body('Approver_Claims_No'))"},"authentication":"@parameters('$authentication')"}},"Approver_Claims_Yes":{"runAfter":{"Filter_array_Yes":["Succeeded"]},"type":"Select","inputs":{"from":"@body('Filter_array_Yes')","select":{"Claims":"@concat('i:0#.f|membership|',item()?['responder']?['userPrincipalName'])"}}},"Approver_Claims_No":{"runAfter":{"Filter_array_No":["Succeeded"]},"type":"Select","inputs":{"from":"@body('Filter_array_No')","select":{"Claims":"@concat('i:0#.f|membership|', item()?['responder']?['userPrincipalName'])"}}}}},"connectionReferences":{"shared_sharepointonline":{"connectionName":"a0ed098f502a4ca4bb59859b743dc374","source":"Embedded","id":"/providers/Microsoft.PowerApps/apis/shared_sharepointonline","tier":"NotSpecified"},"shared_approvals":{"connectionName":"shared-approvals-54268f99-4a7f-4baa-aebd-c53ce07066de","source":"Embedded","id":"/providers/Microsoft.PowerApps/apis/shared_approvals","tier":"NotSpecified"}},"flowFailureAlertSubscribed":false}}