{"name":"e426ee4b-4858-4290-b482-8ee03692ae63","id":"/providers/Microsoft.Flow/flows/e426ee4b-4858-4290-b482-8ee03692ae63","type":"Microsoft.Flow/flows","properties":{"apiId":"/providers/Microsoft.PowerApps/apis/shared_logicflows","displayName":"One Note Scrubbing Planner Task","definition":{"metadata":{"workflowEntityId":null,"creator":{"id":"51a6a8e7-873c-49cf-8130-f07966aa89cd","type":"User","tenantId":"d27657b2-f96c-475e-a9bb-ffb1dbe287c8"},"provisioningMethod":"FromDefinition","failureAlertSubscription":true,"clientLastModifiedTime":"2019-10-10T17:28:24.2417419Z"},"$schema":"https://schema.management.azure.com/providers/Microsoft.Logic/schemas/2016-06-01/workflowdefinition.json#","contentVersion":"1.0.0.0","parameters":{"$connections":{"defaultValue":{},"type":"Object"},"$authentication":{"defaultValue":{},"type":"SecureObject"}},"triggers":{"manual":{"type":"Request","kind":"Button","inputs":{"schema":{"type":"object","properties":{},"required":[]}},"conditions":[]}},"actions":{"Initialize_variable":{"runAfter":{"Compose_2":["Succeeded"]},"type":"InitializeVariable","inputs":{"variables":[{"name":"aa","type":"Array","value":["a","b","c","d"]}]}},"Compose":{"runAfter":{"Initialize_variable":["Succeeded"]},"type":"Compose","inputs":"@take(variables('aa'),3)"},"Compose_2":{"runAfter":{},"type":"Compose","inputs":"@or(equals(dayOfWeek(utcNow()),1),or(equals(dayOfWeek(utcNow()),3),equals(dayOfWeek(utcNow()),5)))"},"Get_page_content":{"runAfter":{"Compose":["Succeeded"]},"metadata":{"flowSystemMetadata":{"swaggerOperationId":"GetPageContent"}},"type":"ApiConnection","inputs":{"host":{"connection":{"name":"@json(decodeBase64(triggerOutputs().headers['X-MS-APIM-Tokens']))['$connections']['shared_onenote']['connectionId']"},"api":{"runtimeUrl":"https://flow-apim-msmanaged-na-westus2-01.azure-apim.net/apim/onenote"}},"method":"get","path":"/pages/Dynamic/content","queries":{"notebookKey":"My First Team Notebook|$|https://rdorrani.sharepoint.com/sites/MyFirstTeam/SiteAssets/My First Team Notebook","sectionId":"https://www.onenote.com/api/v1.0/myOrganization/siteCollections/70383815-5023-4c70-a723-84b9562eb28e/sites/3e6f26c0-58e3-42b7-a58c-c23e19a3026c/notes/sections/1-01043aaf-b7d5-47e5-b8b7-5bfe176f2ca3/pages","pageId":"https://www.onenote.com/api/v1.0/myOrganization/siteCollections/70383815-5023-4c70-a723-84b9562eb28e/sites/3e6f26c0-58e3-42b7-a58c-c23e19a3026c/notes/pages/1-2682c15bd7464af991efbb4089b9581d!8-01043aaf-b7d5-47e5-b8b7-5bfe176f2ca3/content","preAuthenticated":true},"authentication":{"type":"Raw","value":"@json(decodeBase64(triggerOutputs().headers['X-MS-APIM-Tokens']))['$ConnectionKey']"}}},"Compose_3":{"runAfter":{"Get_page_content":["Succeeded"]},"type":"Compose","inputs":"@split(body('Get_page_content'),decodeUriComponent('%0A'))"},"Filter_array":{"runAfter":{"Compose_3":["Succeeded"]},"type":"Query","inputs":{"from":"@outputs('Compose_3')","where":"@contains(item(), 'data-tag=\"to-do')"}},"Apply_to_each":{"foreach":"@body('Filter_array')","actions":{"Html_to_text":{"runAfter":{},"metadata":{"flowSystemMetadata":{"swaggerOperationId":"HtmlToText"}},"type":"ApiConnection","inputs":{"host":{"connection":{"name":"@json(decodeBase64(triggerOutputs().headers['X-MS-APIM-Tokens']))['$connections']['shared_conversionservice']['connectionId']"},"api":{"runtimeUrl":"https://flow-apim-msmanaged-na-centralus-01.azure-apim.net/apim/conversionservice"}},"method":"post","body":"<p>@{item()}</p>","path":"/html2text","authentication":{"type":"Raw","value":"@json(decodeBase64(triggerOutputs().headers['X-MS-APIM-Tokens']))['$ConnectionKey']"}}},"Create_a_task":{"runAfter":{"Html_to_text":["Succeeded"]},"metadata":{"flowSystemMetadata":{"swaggerOperationId":"CreateTask_V3"}},"type":"ApiConnection","inputs":{"host":{"connection":{"name":"@json(decodeBase64(triggerOutputs().headers['X-MS-APIM-Tokens']))['$connections']['shared_planner']['connectionId']"},"api":{"runtimeUrl":"https://flow-apim-msmanaged-na-westus2-01.azure-apim.net/apim/planner"}},"method":"post","body":{"groupId":"a144055e-9807-4e03-b469-e7d4b1a77041","planId":"8cTu-TDz5Eu_MiyYQI20i2UAGg1a","title":"@body('Html_to_text')","bucketId":"lVhBnEeXvEOI5ttefSliuGUAHJgW"},"headers":{"prefer":" return=representation"},"path":"/v2/v1.0/planner/tasks","authentication":{"type":"Raw","value":"@json(decodeBase64(triggerOutputs().headers['X-MS-APIM-Tokens']))['$ConnectionKey']"}}}},"runAfter":{"Filter_array":["Succeeded"]},"type":"Foreach"}}},"connectionReferences":{"shared_onenote":{"connectionName":"5c45516de7634e6eb48c4514803e1194","source":"Invoker","id":"/providers/Microsoft.PowerApps/apis/shared_onenote","tier":"NotSpecified"},"shared_conversionservice":{"connectionName":"shared-conversionser-5ce907c9-4102-4d2a-9a03-d6cbb70fdffa","source":"Invoker","id":"/providers/Microsoft.PowerApps/apis/shared_conversionservice","tier":"NotSpecified"},"shared_planner":{"connectionName":"ce79e63f3ff24a9c95c879014e8a9be9","source":"Invoker","id":"/providers/Microsoft.PowerApps/apis/shared_planner","tier":"NotSpecified"}},"flowFailureAlertSubscribed":false}}