{"name":"edb40f7c-eede-4eac-ae5e-dd72399a5069","id":"/providers/Microsoft.Flow/flows/edb40f7c-eede-4eac-ae5e-dd72399a5069","type":"Microsoft.Flow/flows","properties":{"apiId":"/providers/Microsoft.PowerApps/apis/shared_logicflows","displayName":"Complex flow Track Changes with HTML Table","definition":{"metadata":{"workflowEntityId":null,"processAdvisorMetadata":null,"flowclientsuspensionreason":"None","flowclientsuspensiontime":null,"flowclientsuspensionreasondetails":null,"creator":{"id":"ddc02d42-c492-454d-94ce-778a07b5b8c6","type":"User","tenantId":"07446956-493d-42c8-ad05-e939cb52153f"},"provisioningMethod":"FromDefinition","failureAlertSubscription":true,"clientLastModifiedTime":"2022-07-31T17:33:00.4384738Z"},"$schema":"https://schema.management.azure.com/providers/Microsoft.Logic/schemas/2016-06-01/workflowdefinition.json#","contentVersion":"1.0.0.0","parameters":{"$connections":{"defaultValue":{},"type":"Object"},"$authentication":{"defaultValue":{},"type":"SecureObject"}},"triggers":{"When_an_item_or_a_file_is_modified":{"recurrence":{"frequency":"Minute","interval":1},"splitOn":"@triggerOutputs()?['body/value']","metadata":{"operationMetadataId":"bd7a3b99-fa2b-4d6e-a02d-96541ef8945b"},"type":"OpenApiConnection","inputs":{"host":{"apiId":"/providers/Microsoft.PowerApps/apis/shared_sharepointonline","connectionName":"shared_sharepointonline","operationId":"GetOnChangedItems"},"parameters":{"dataset":"https://thepoweraddicts.sharepoint.com/sites/RDTech","table":"e8f9a7f9-6102-4007-93df-dc743ee003d5"},"authentication":"@parameters('$authentication')"},"conditions":[{"expression":"@not(equals(triggerOutputs()?['body/Status/Value'],'New'))"}]}},"actions":{"Send_an_email_(V2)":{"runAfter":{"Email_Body":["Succeeded"]},"metadata":{"operationMetadataId":"88f9627b-1b7c-4f92-ba7f-cd6f4bc8a03f"},"type":"OpenApiConnection","inputs":{"host":{"apiId":"/providers/Microsoft.PowerApps/apis/shared_office365","connectionName":"shared_office365","operationId":"SendEmailV2"},"parameters":{"emailMessage/To":"@triggerOutputs()?['body/Author/Email']","emailMessage/Subject":"Service Desk Item Updated: \"@{triggerOutputs()?['body/Title']}\"","emailMessage/Body":"@outputs('Email_Body')","emailMessage/Importance":"Normal"},"authentication":"@parameters('$authentication')"}},"Get_Previous_Values":{"actions":{"Select":{"runAfter":{},"metadata":{"operationMetadataId":"b64dd830-70fe-4f6a-b580-f54051458527"},"type":"Select","inputs":{"from":"@split(replace(replace(string(outputs('Get_changes_for_an_item_or_a_file_(properties_only)')?['body/ColumnHasChanged']),'{',''),'}',''),',')","select":{"Value":"@split(item(), ':')[1]","Property":"@replace(split(item(),':')[0],'\"','')"}}},"Filter_array":{"runAfter":{"Select":["Succeeded"]},"metadata":{"operationMetadataId":"a623d756-465c-4131-9110-753a1813353e"},"type":"Query","inputs":{"from":"@body('Select')","where":"@equals(item()?['Value'], 'true')"}},"Select_Updated_fields":{"runAfter":{"Filter_array":["Succeeded"]},"metadata":{"operationMetadataId":"59a40611-94d9-4250-981d-c015f7f07293"},"type":"Select","inputs":{"from":"@body('Filter_array')","select":"@item()?['Property']"}},"Fields_Select_Query":{"runAfter":{"Columns_that_have_changed":["Succeeded"]},"metadata":{"operationMetadataId":"2fed3a32-ea7f-4185-845c-66d389e4f6bb"},"type":"Compose","inputs":"@join(outputs('Columns_that_have_changed'), ',')"},"Send_an_HTTP_request_to_SharePoint":{"runAfter":{"Fields_Select_Query":["Succeeded"]},"metadata":{"operationMetadataId":"1a7ccb06-c037-4f53-841e-ca47671033a6"},"type":"OpenApiConnection","inputs":{"host":{"apiId":"/providers/Microsoft.PowerApps/apis/shared_sharepointonline","connectionName":"shared_sharepointonline","operationId":"HttpRequest"},"parameters":{"dataset":"https://thepoweraddicts.sharepoint.com/sites/RDTech","parameters/method":"GET","parameters/uri":"_api/web/lists/GetByTitle('Service Desk')/items(@{triggerOutputs()?['body/ID']})/versions?$filter=VersionLabel eq '@{sub(decimal(triggerOutputs()?['body/{VersionNumber}']), 1)}'&$select=@{outputs('Fields_Select_Query')}"},"authentication":"@parameters('$authentication')"}},"Apply_to_each":{"foreach":"@outputs('Columns_that_have_changed')","actions":{"Append_to_array_variable_of_previous_values":{"runAfter":{},"metadata":{"operationMetadataId":"6169e302-8f3b-4aba-9076-4274481071be"},"type":"AppendToArrayVariable","inputs":{"name":"varValues","value":"@coalesce(body('Send_an_HTTP_request_to_SharePoint')?['d']?['results']?[0]?[item()],'')"}}},"runAfter":{"Send_an_HTTP_request_to_SharePoint":["Succeeded"]},"metadata":{"operationMetadataId":"0468577a-7621-4641-9345-ea50efd240fb"},"type":"Foreach"},"Columns_that_have_changed":{"runAfter":{"Select_Updated_fields":["Succeeded"]},"metadata":{"operationMetadataId":"92c1ea44-cdeb-4000-8900-b1280ad83c33"},"type":"Compose","inputs":"@intersection(body('Select_Updated_fields'),body('Track_Field_Keys'))"}},"runAfter":{"Get_changes_for_an_item_or_a_file_(properties_only)":["Succeeded"]},"metadata":{"operationMetadataId":"d91a807e-1a73-4dcf-b907-46e2a18d6edf"},"type":"Scope"},"Previous_values_variable":{"runAfter":{},"metadata":{"operationMetadataId":"30b2ff3e-d084-46df-aef5-706d775c29c3"},"type":"InitializeVariable","inputs":{"variables":[{"name":"varValues","type":"array","value":[]}]}},"For_each_updated_value":{"foreach":"@variables('varValues')","actions":{"Increment_index_variable":{"runAfter":{"Append_to_HTML_variable":["Succeeded"]},"metadata":{"operationMetadataId":"b30f1059-9d03-44df-9ca4-a869a31d6649"},"type":"IncrementVariable","inputs":{"name":"varIndex","value":1}},"Filter_and_get_new_value":{"runAfter":{},"metadata":{"operationMetadataId":"0e40a4e6-b2a7-4de2-9270-723ede925c7a"},"type":"Query","inputs":{"from":"@outputs('Track_Fields')","where":"@equals(item()?['Key'], outputs('Columns_that_have_changed')?[variables('varIndex')])"}},"Append_to_HTML_variable":{"runAfter":{"Filter_and_get_new_value":["Succeeded"]},"metadata":{"operationMetadataId":"e4fbe865-f086-424c-a1a9-3d7baab6852a"},"type":"AppendToArrayVariable","inputs":{"name":"varHTMLCode","value":"<tr><td>@{outputs('Columns_that_have_changed')?[variables('varIndex')]}</td><td>@{item()}</td><td>@{body('Filter_and_get_new_value')?[0]?['Value']}</td></tr>"}}},"runAfter":{"Get_Previous_Values":["Succeeded"]},"metadata":{"operationMetadataId":"bb651aa3-dcb5-4d79-94c0-129127ef4299"},"type":"Foreach"},"Email_Body":{"runAfter":{"For_each_updated_value":["Succeeded"]},"metadata":{"operationMetadataId":"4a6859a5-75b0-4bda-b2d2-5d67584a0f8a"},"type":"Compose","inputs":"<h2>Track Changes 🟢</h2>\n<table border='1' cellpadding='5' cellspacing='5'>\n<thead>\n<tr>\n<th>\nColumn\n</th>\n<th>\nPrevious Value\n</th>\n<th>\nChanged Value\n</th>\n</tr>\n</thead>\n<tbody>\n@{join(variables('varHTMLCode'),'')}\n</tbody>\n</table>\n<br><br>\n🎫 <a href='@{triggerOutputs()?['body/{Link}']}'> Open Ticket </a>"},"Track_Fields":{"runAfter":{"Index_variable":["Succeeded"]},"metadata":{"operationMetadataId":"6c42172b-3f23-48ee-8758-550ab17e3ff7"},"type":"Compose","inputs":[{"Key":"Title","Value":"@{triggerOutputs()?['body/Title']}"},{"Key":"Description","Value":"@{triggerOutputs()?['body/Description']}"},{"Key":"Department","Value":"@{triggerOutputs()?['body/Department/Value']}"},{"Key":"Priority","Value":"@{triggerOutputs()?['body/Priority/Value']}"},{"Key":"Status","Value":"@{triggerOutputs()?['body/Status/Value']}"},{"Key":"Comments","Value":"@{triggerOutputs()?['body/Comments']}"}]},"Track_Field_Keys":{"runAfter":{"Track_Fields":["Succeeded"]},"metadata":{"operationMetadataId":"27e7447e-7bd8-48e1-a3bb-ef84a2333d6d"},"type":"Select","inputs":{"from":"@outputs('Track_Fields')","select":"@item()?['Key']"}},"Get_changes_for_an_item_or_a_file_(properties_only)":{"runAfter":{"Track_Field_Keys":["Succeeded"]},"metadata":{"operationMetadataId":"3284db56-51aa-4ce7-bd17-d4d856cf8c7d"},"type":"OpenApiConnection","inputs":{"host":{"apiId":"/providers/Microsoft.PowerApps/apis/shared_sharepointonline","connectionName":"shared_sharepointonline","operationId":"GetItemChanges"},"parameters":{"dataset":"https://thepoweraddicts.sharepoint.com/sites/RDTech","table":"e8f9a7f9-6102-4007-93df-dc743ee003d5","id":"@triggerOutputs()?['body/ID']","since":"@sub(decimal(triggerOutputs()?['body/{VersionNumber}']),1)","includeDrafts":false},"authentication":"@parameters('$authentication')"}},"HTML_Code_variable":{"runAfter":{"Previous_values_variable":["Succeeded"]},"metadata":{"operationMetadataId":"831bca62-8bf9-4af4-bfc3-dcf5ae22bb6b"},"type":"InitializeVariable","inputs":{"variables":[{"name":"varHTMLCode","type":"array"}]}},"Index_variable":{"runAfter":{"HTML_Code_variable":["Succeeded"]},"metadata":{"operationMetadataId":"4da74a49-e631-49fa-bf78-35484df7cdc6"},"type":"InitializeVariable","inputs":{"variables":[{"name":"varIndex","type":"integer","value":0}]}}}},"connectionReferences":{"shared_office365":{"connectionName":"shared-office365-2512fe54-b21e-4ba5-9919-d0f393d9c4c0","source":"Embedded","id":"/providers/Microsoft.PowerApps/apis/shared_office365","tier":"NotSpecified"},"shared_sharepointonline":{"connectionName":"8dbc41cd3c1d442f93feb6a32edce09f","source":"Embedded","id":"/providers/Microsoft.PowerApps/apis/shared_sharepointonline","tier":"NotSpecified"}},"flowFailureAlertSubscribed":false,"isManaged":false}}