{"name":"b037431c-3360-4d80-b451-b893b716ff60","id":"/providers/Microsoft.Flow/flows/b037431c-3360-4d80-b451-b893b716ff60","type":"Microsoft.Flow/flows","properties":{"apiId":"/providers/Microsoft.PowerApps/apis/shared_logicflows","displayName":"Happy Birthday Adaptive Card for Team Members","definition":{"metadata":{"workflowEntityId":null,"processAdvisorMetadata":null,"flowclientsuspensionreason":"None","flowclientsuspensiontime":null,"creator":{"id":"ddc02d42-c492-454d-94ce-778a07b5b8c6","type":"User","tenantId":"07446956-493d-42c8-ad05-e939cb52153f"},"provisioningMethod":"FromDefinition","failureAlertSubscription":true,"clientLastModifiedTime":"2022-03-21T00:49:36.0560941Z"},"$schema":"https://schema.management.azure.com/providers/Microsoft.Logic/schemas/2016-06-01/workflowdefinition.json#","contentVersion":"1.0.0.0","parameters":{"$connections":{"defaultValue":{},"type":"Object"},"$authentication":{"defaultValue":{},"type":"SecureObject"}},"triggers":{"Recurrence":{"recurrence":{"frequency":"Day","interval":1,"startTime":"2022-03-18T13:00:00.000Z"},"metadata":{"operationMetadataId":"1091cf15-6ffd-4c7b-964a-fbfb5642720a"},"type":"Recurrence"}},"actions":{"List_group_members":{"runAfter":{},"metadata":{"operationMetadataId":"c34fa2f9-ed8a-49eb-a3eb-5bda24a100ad"},"type":"OpenApiConnection","inputs":{"host":{"apiId":"/providers/Microsoft.PowerApps/apis/shared_office365groups","connectionName":"shared_office365groups","operationId":"ListGroupMembers"},"parameters":{"groupId":"c138328e-4d5b-49dd-bc66-632069b27398"},"authentication":"@parameters('$authentication')"}},"Apply_to_each":{"foreach":"@outputs('List_group_members')?['body/value']","actions":{"Get_user_profile_(V2)":{"runAfter":{},"metadata":{"operationMetadataId":"194740a1-d4fa-46e8-97c9-79a7c11a47e9"},"type":"OpenApiConnection","inputs":{"host":{"apiId":"/providers/Microsoft.PowerApps/apis/shared_office365users","connectionName":"shared_office365users","operationId":"UserProfile_V2"},"parameters":{"id":"@items('Apply_to_each')?['userPrincipalName']"},"authentication":"@parameters('$authentication')"}},"Condition":{"actions":{"Get_user_photo_(V2)":{"runAfter":{},"metadata":{"operationMetadataId":"0bd1ab98-19b8-40fc-8562-3b5cf1307257"},"type":"OpenApiConnection","inputs":{"host":{"apiId":"/providers/Microsoft.PowerApps/apis/shared_office365users","connectionName":"shared_office365users","operationId":"UserPhoto_V2"},"parameters":{"id":"@outputs('Get_user_profile_(V2)')?['body/userPrincipalName']"},"authentication":"@parameters('$authentication')"}},"Post_adaptive_card_in_a_chat_or_channel":{"runAfter":{"Get_user_photo_(V2)":["Succeeded"]},"metadata":{"operationMetadataId":"c0957741-329d-40c5-827a-e2ec29d79698"},"type":"OpenApiConnection","inputs":{"host":{"apiId":"/providers/Microsoft.PowerApps/apis/shared_teams","connectionName":"shared_teams","operationId":"PostCardToConversation"},"parameters":{"poster":"Flow bot","location":"Channel","body/recipient/groupId":"c138328e-4d5b-49dd-bc66-632069b27398","body/recipient/channelId":"19:72zmfwS6EqlEU7Q3L9lYgUL8oUa1mfxYrBQyMqpKFQU1@thread.tacv2","body/messageBody":"{\n    \"type\": \"AdaptiveCard\",\n    \"$schema\": \"http://adaptivecards.io/schemas/adaptive-card.json\",\n    \"version\": \"1.4\",\n    \"body\": [\n        {\n            \"type\": \"TextBlock\",\n            \"text\": \"Happy Birthday!!!\",\n            \"wrap\": true,\n            \"size\": \"Large\",\n            \"weight\": \"Bolder\",\n            \"color\": \"Accent\",\n            \"horizontalAlignment\": \"Center\"\n        },\n        {\n            \"type\": \"ColumnSet\",\n            \"columns\": [\n                               {\n                    \"type\": \"Column\",\n                    \"width\": \"stretch\",\n                    \"items\": [\n                        {\n                            \"type\": \"TextBlock\",\n                            \"text\": \"@{outputs('Get_user_profile_(V2)')?['body/displayName']}\",\n                            \"wrap\": true\n                        }\n                    ]\n                }\n            ]\n        },\n        {\n            \"type\": \"TextBlock\",\n            \"text\": \"Have a nice day!\",\n            \"wrap\": true\n        },\n        {\n            \"type\": \"Image\",\n            \"url\": \"https://media.giphy.com/media/SUA9E0GcSyhCU/giphy.gif\"\n        }\n    ]\n}"},"authentication":"@parameters('$authentication')"}},"Code_for_Image_of_User_-_May_run_into_size_limit_of_adaptive_card":{"actions":{"Code":{"runAfter":{},"metadata":{"operationMetadataId":"47e6e62f-f334-4ec7-9163-720a2b4c9f6b"},"type":"Compose","inputs":" {\n                    \"type\": \"Column\",\n                    \"width\": \"auto\",\n                    \"items\": [\n                        {\n                            \"type\": \"Image\",\n                            \"url\": \"data:image/png;base64,@{base64(outputs('Get_user_photo_(V2)')?['body'])}\",\n                            \"style\": \"Person\"\n                        }\n                    ]\n                },"}},"runAfter":{"Post_adaptive_card_in_a_chat_or_channel":["Succeeded"]},"expression":{"equals":[1,2]},"metadata":{"operationMetadataId":"3b1e8d87-9cd8-492a-a966-d1219cf3b600"},"type":"If"}},"runAfter":{"Get_user_profile_(V2)":["Succeeded"]},"expression":{"equals":["@formatDateTime(outputs('Get_user_profile_(V2)')?['body/birthday'],'MM-dd')","@formatDateTime(utcNow(),'MM-dd')"]},"metadata":{"operationMetadataId":"986cc969-26cc-4ba1-b024-da9c0ad0b2a4"},"type":"If"}},"runAfter":{"List_group_members":["Succeeded"]},"metadata":{"operationMetadataId":"814c5ba6-6aa1-47e7-a3d6-02de6c72fc65"},"type":"Foreach"}}},"connectionReferences":{"shared_office365groups":{"connectionName":"107f997340f94a4fabd63ebdc25a6d10","source":"Embedded","id":"/providers/Microsoft.PowerApps/apis/shared_office365groups","tier":"NotSpecified"},"shared_office365users":{"connectionName":"19e711f9cb154f4084ccf1f89f6e2c08","source":"Embedded","id":"/providers/Microsoft.PowerApps/apis/shared_office365users","tier":"NotSpecified"},"shared_teams":{"connectionName":"shared-teams-0f2e2f64-4c31-4435-b09d-2989-634e918d","source":"Embedded","id":"/providers/Microsoft.PowerApps/apis/shared_teams","tier":"NotSpecified"}},"flowFailureAlertSubscribed":false}}