{"name":"9b7c829b-c051-48f5-8ce0-c00230f8128a","id":"/providers/Microsoft.Flow/flows/9b7c829b-c051-48f5-8ce0-c00230f8128a","type":"Microsoft.Flow/flows","properties":{"apiId":"/providers/Microsoft.PowerApps/apis/shared_logicflows","displayName":"Move to Completed Folder","definition":{"metadata":{"workflowEntityId":null,"processAdvisorMetadata":null,"flowclientsuspensionreason":"None","flowclientsuspensiontime":null,"creator":{"id":"ddc02d42-c492-454d-94ce-778a07b5b8c6","type":"User","tenantId":"07446956-493d-42c8-ad05-e939cb52153f"},"provisioningMethod":"FromDefinition","failureAlertSubscription":true,"clientLastModifiedTime":"2022-01-28T22:23:17.5800069Z"},"$schema":"https://schema.management.azure.com/providers/Microsoft.Logic/schemas/2016-06-01/workflowdefinition.json#","contentVersion":"1.0.0.0","parameters":{"$connections":{"defaultValue":{},"type":"Object"},"$authentication":{"defaultValue":{},"type":"SecureObject"}},"triggers":{"When_an_item_or_a_file_is_modified":{"recurrence":{"frequency":"Minute","interval":1},"splitOn":"@triggerOutputs()?['body/value']","metadata":{"operationMetadataId":"6432f542-59e9-4e04-9461-d79302852f4d"},"type":"OpenApiConnection","inputs":{"host":{"apiId":"/providers/Microsoft.PowerApps/apis/shared_sharepointonline","connectionName":"shared_sharepointonline","operationId":"GetOnChangedItems"},"parameters":{"dataset":"https://thepoweraddicts.sharepoint.com/sites/LearnTech","table":"d09d9dcd-347b-48be-887a-059bf5bfbac7"},"authentication":"@parameters('$authentication')"},"conditions":[{"expression":"@equals(triggerOutputs()?['body/Progress/Value'],'Completed')"}]}},"actions":{"Send_an_HTTP_request_to_SharePoint":{"runAfter":{},"metadata":{"operationMetadataId":"9cc338b9-b472-4d8c-a423-876d7847e548"},"type":"OpenApiConnection","inputs":{"host":{"apiId":"/providers/Microsoft.PowerApps/apis/shared_sharepointonline","connectionName":"shared_sharepointonline","operationId":"HttpRequest"},"parameters":{"dataset":"https://thepoweraddicts.sharepoint.com/sites/LearnTech","parameters/method":"POST","parameters/uri":"_api/Web/getFileByServerRelativeURL('/sites/LearnTech/@{triggerOutputs()?['body/{FullPath}']}')/moveTo(newurl='/sites/LearnTech/@{replace(triggerOutputs()?['body/{FullPath}'],'Work progress tracker/','Work progress tracker/Completed/')}',flags=1)"},"authentication":"@parameters('$authentication')"}},"Send_an_HTTP_request_to_SharePoint_2":{"runAfter":{"Send_an_HTTP_request_to_SharePoint":["Succeeded"]},"metadata":{"operationMetadataId":"08b4b49b-e254-45fa-8f89-d4294e828c1f"},"type":"OpenApiConnection","inputs":{"host":{"apiId":"/providers/Microsoft.PowerApps/apis/shared_sharepointonline","connectionName":"shared_sharepointonline","operationId":"HttpRequest"},"parameters":{"dataset":"https://thepoweraddicts.sharepoint.com/sites/LearnTech","parameters/method":"POST","parameters/uri":"/_api/Web/Lists/GetByTitle('Work Progress tracker')/items('@{triggerOutputs()?['body/ID']}')/resetroleinheritance"},"authentication":"@parameters('$authentication')"}}}},"connectionReferences":{"shared_sharepointonline":{"connectionName":"a0ed098f502a4ca4bb59859b743dc374","source":"Embedded","id":"/providers/Microsoft.PowerApps/apis/shared_sharepointonline","tier":"NotSpecified"}},"flowFailureAlertSubscribed":false}}