{"name":"736174e8-8f70-44ab-ba21-d2f31abb723c","id":"/providers/Microsoft.Flow/flows/736174e8-8f70-44ab-ba21-d2f31abb723c","type":"Microsoft.Flow/flows","properties":{"apiId":"/providers/Microsoft.PowerApps/apis/shared_logicflows","displayName":"Excel Data Import","definition":{"metadata":{"workflowEntityId":null,"processAdvisorMetadata":null,"flowclientsuspensionreason":"None","flowclientsuspensiontime":null,"creator":{"id":"ddc02d42-c492-454d-94ce-778a07b5b8c6","type":"User","tenantId":"07446956-493d-42c8-ad05-e939cb52153f"},"provisioningMethod":"FromDefinition","failureAlertSubscription":true,"clientLastModifiedTime":"2022-03-07T14:25:05.1677521Z"},"$schema":"https://schema.management.azure.com/providers/Microsoft.Logic/schemas/2016-06-01/workflowdefinition.json#","contentVersion":"1.0.0.0","parameters":{"$connections":{"defaultValue":{},"type":"Object"},"$authentication":{"defaultValue":{},"type":"SecureObject"}},"triggers":{"Recurrence":{"recurrence":{"frequency":"Day","interval":1,"startTime":"2022-03-04T14:00:00.000Z"},"metadata":{"operationMetadataId":"0e395049-0ea1-4c87-a7bb-eebfd200194c"},"type":"Recurrence"}},"actions":{"Get_files_(properties_only)":{"runAfter":{},"metadata":{"operationMetadataId":"14b679c8-057a-435a-a708-1d42e7de8a0a"},"type":"OpenApiConnection","inputs":{"host":{"apiId":"/providers/Microsoft.PowerApps/apis/shared_sharepointonline","connectionName":"shared_sharepointonline","operationId":"GetFileItems"},"parameters":{"dataset":"https://thepoweraddicts.sharepoint.com/sites/Construction","table":"2e1dde66-3ed3-4162-b675-293966f92158","$filter":"Status eq 'New'"},"authentication":"@parameters('$authentication')"}},"Apply_to_each":{"foreach":"@outputs('Get_files_(properties_only)')?['body/value']","actions":{"Apply_to_each_row":{"foreach":"@outputs('List_rows_present_in_a_table')?['body/value']","actions":{"Select_Tools":{"runAfter":{},"metadata":{"operationMetadataId":"2a966640-716e-42a8-a372-af7a9f4020f3"},"type":"Select","inputs":{"from":"@split(item()?['Tools'],';')","select":{"Value":"@item()"}}},"Select_SubCons":{"runAfter":{"Select_Tools":["Succeeded"]},"metadata":{"operationMetadataId":"8c1a6078-e628-481b-83d0-d993936ea713"},"type":"Select","inputs":{"from":"@split(item()?['SubCons'],';')","select":{"Claims":"@item()"}}},"Filter_array":{"runAfter":{"Select_SubCons":["Succeeded"]},"metadata":{"operationMetadataId":"5beca543-e701-41d4-8ebe-774e08b8850a"},"type":"Query","inputs":{"from":"@outputs('Get_Job_Types')?['body/value']","where":"@equals(item()?['Title'], items('Apply_to_each_row')?['Job Type'])"}},"Get_items":{"runAfter":{"Filter_array":["Succeeded"]},"metadata":{"operationMetadataId":"085bcdd8-cb07-4254-9919-dd0b283d6c95"},"type":"OpenApiConnection","inputs":{"host":{"apiId":"/providers/Microsoft.PowerApps/apis/shared_sharepointonline","connectionName":"shared_sharepointonline","operationId":"GetItems"},"parameters":{"dataset":"https://thepoweraddicts.sharepoint.com/sites/Construction","table":"9ac1216a-e31b-4d67-85f3-3581f51abc9f","$filter":"JobID eq '@{items('Apply_to_each_row')?['Job ID']}'"},"authentication":"@parameters('$authentication')"}},"Condition":{"actions":{"Create_item":{"runAfter":{},"metadata":{"operationMetadataId":"f3d8ab7d-371a-43ae-8026-3e156697ad40"},"type":"OpenApiConnection","inputs":{"host":{"apiId":"/providers/Microsoft.PowerApps/apis/shared_sharepointonline","connectionName":"shared_sharepointonline","operationId":"PostItem"},"parameters":{"dataset":"https://thepoweraddicts.sharepoint.com/sites/Construction","table":"9ac1216a-e31b-4d67-85f3-3581f51abc9f","item/Title":"@items('Apply_to_each_row')?['Title']","item/JobID":"@items('Apply_to_each_row')?['Job ID']","item/JobType/Id":"@body('Filter_array')?[0]?['ID']","item/StartDate":"@items('Apply_to_each_row')?['Start Date UTC']","item/Engineer/Claims":"@item()?['Engineer']","item/JobStatus/Value":"@item()?['Job Status']","item/Tools":"@body('Select_Tools')","item/SubCons":"@body('Select_SubCons')","item/JobSite/Value":"@item()?['Job Site']","item/DueDate":"@items('Apply_to_each_row')?['Due Date']","item/EndDate":"@items('Apply_to_each_row')?['End Date']","item/Notes":"@items('Apply_to_each_row')?['Notes']","item/Info":"@if(equals(item()?['Info'],''),null,item()?['Info'])"},"authentication":"@parameters('$authentication')"}}},"runAfter":{"Get_items":["Succeeded"]},"else":{"actions":{"Update_item":{"runAfter":{},"metadata":{"operationMetadataId":"b83a63b1-be7b-44ad-ac1a-4793533e467d"},"type":"OpenApiConnection","inputs":{"host":{"apiId":"/providers/Microsoft.PowerApps/apis/shared_sharepointonline","connectionName":"shared_sharepointonline","operationId":"PatchItem"},"parameters":{"dataset":"https://thepoweraddicts.sharepoint.com/sites/Construction","table":"9ac1216a-e31b-4d67-85f3-3581f51abc9f","id":"@outputs('Get_items')?['body/value']?[0]?['ID']","item/Title":"@items('Apply_to_each_row')?['Title']","item/JobID":"@items('Apply_to_each_row')?['Job ID']","item/JobType/Id":"@body('Filter_array')?[0]?['ID']","item/StartDate":"@items('Apply_to_each_row')?['Start Date UTC']","item/Engineer/Claims":"@items('Apply_to_each_row')?['Engineer']","item/JobStatus/Value":"@items('Apply_to_each_row')?['Job Status']","item/Tools":"@body('Select_Tools')","item/SubCons":"@body('Select_SubCons')","item/JobSite/Value":"@items('Apply_to_each_row')?['Job Site']","item/DueDate":"@items('Apply_to_each_row')?['Due Date']","item/EndDate":"@items('Apply_to_each_row')?['End Date']","item/Notes":"@items('Apply_to_each_row')?['Notes']","item/Info":"@if(equals(item()?['Info'],''),null,item()?['Info'])"},"authentication":"@parameters('$authentication')"}}}},"expression":{"equals":["@length(outputs('Get_items')?['body/value'])",0]},"metadata":{"operationMetadataId":"fc95daae-f8f2-45c0-a84b-0f95ca1fb05b"},"type":"If"}},"runAfter":{"List_rows_present_in_a_table":["Succeeded"]},"metadata":{"operationMetadataId":"62d3bc45-70e7-412f-abcc-dfdcb43672a3"},"type":"Foreach"},"Update_file_properties":{"runAfter":{},"metadata":{"operationMetadataId":"f6117150-3945-4ef4-ae04-a7f0a7bd6d8d"},"type":"OpenApiConnection","inputs":{"host":{"apiId":"/providers/Microsoft.PowerApps/apis/shared_sharepointonline","connectionName":"shared_sharepointonline","operationId":"PatchFileItem"},"parameters":{"dataset":"https://thepoweraddicts.sharepoint.com/sites/Construction","table":"2e1dde66-3ed3-4162-b675-293966f92158","id":"@items('Apply_to_each')?['ID']","item/Status/Value":"In Progress"},"authentication":"@parameters('$authentication')"}},"List_rows_present_in_a_table":{"runAfter":{"Update_file_properties":["Succeeded"]},"metadata":{"operationMetadataId":"38180c95-8187-40fd-819f-5c4d386d3497","tableId":"JobTable"},"type":"OpenApiConnection","inputs":{"host":{"apiId":"/providers/Microsoft.PowerApps/apis/shared_excelonlinebusiness","connectionName":"shared_excelonlinebusiness","operationId":"GetItems"},"parameters":{"source":"https://thepoweraddicts.sharepoint.com/sites/Construction","drive":"b!NGqQsdwFTUWSy7SQu_Hp5x5ZRv4xTaJMsm3YeUwL5INm3h0u0z5iQbZ1KTlm-SFY","file":"@items('Apply_to_each')?['{FullPath}']","table":"JobTable","dateTimeFormat":"ISO 8601"},"authentication":"@parameters('$authentication')"}},"Update_file_properties_2":{"runAfter":{"Delay":["Succeeded"]},"metadata":{"operationMetadataId":"a7e5bdcf-6ed8-46a5-9218-0805b28989eb"},"type":"OpenApiConnection","inputs":{"host":{"apiId":"/providers/Microsoft.PowerApps/apis/shared_sharepointonline","connectionName":"shared_sharepointonline","operationId":"PatchFileItem"},"parameters":{"dataset":"https://thepoweraddicts.sharepoint.com/sites/Construction","table":"2e1dde66-3ed3-4162-b675-293966f92158","id":"@items('Apply_to_each')?['ID']","item/Status/Value":"Completed"},"authentication":"@parameters('$authentication')"}},"Delay":{"runAfter":{"Apply_to_each_row":["Succeeded"]},"metadata":{"operationMetadataId":"ea1c005e-c75e-4707-afab-210504bee5cf"},"type":"Wait","inputs":{"interval":{"count":6,"unit":"Second"}}}},"runAfter":{"Get_Job_Types":["Succeeded"]},"metadata":{"operationMetadataId":"11715a67-6565-4002-a6cc-4fe0db25f8fe"},"type":"Foreach"},"Get_Job_Types":{"runAfter":{"Get_files_(properties_only)":["Succeeded"]},"metadata":{"operationMetadataId":"ba34af7e-b25d-4a69-96b3-4f7438d73f18"},"type":"OpenApiConnection","inputs":{"host":{"apiId":"/providers/Microsoft.PowerApps/apis/shared_sharepointonline","connectionName":"shared_sharepointonline","operationId":"GetItems"},"parameters":{"dataset":"https://thepoweraddicts.sharepoint.com/sites/Construction","table":"583c59a9-0c6d-4868-a141-7191f73ed08e"},"authentication":"@parameters('$authentication')"}}}},"connectionReferences":{"shared_sharepointonline":{"connectionName":"a0ed098f502a4ca4bb59859b743dc374","source":"Embedded","id":"/providers/Microsoft.PowerApps/apis/shared_sharepointonline","tier":"NotSpecified"},"shared_excelonlinebusiness":{"connectionName":"shared-excelonlinebu-03c28664-7d2f-4357-a69a-43d3-168a1e8f","source":"Embedded","id":"/providers/Microsoft.PowerApps/apis/shared_excelonlinebusiness","tier":"NotSpecified"}},"flowFailureAlertSubscribed":false}}