{"name":"3e3993d2-bdd5-4cd7-a10a-35cecab99e43","id":"/providers/Microsoft.Flow/flows/3e3993d2-bdd5-4cd7-a10a-35cecab99e43","type":"Microsoft.Flow/flows","properties":{"apiId":"/providers/Microsoft.PowerApps/apis/shared_logicflows","displayName":"Weather Info Adaptive Card","definition":{"metadata":{"workflowEntityId":null,"processAdvisorMetadata":null,"flowclientsuspensionreason":"None","flowclientsuspensiontime":null,"creator":{"id":"ddc02d42-c492-454d-94ce-778a07b5b8c6","type":"User","tenantId":"07446956-493d-42c8-ad05-e939cb52153f"},"provisioningMethod":"FromDefinition","failureAlertSubscription":true,"clientLastModifiedTime":"2022-03-18T20:27:12.7400092Z"},"$schema":"https://schema.management.azure.com/providers/Microsoft.Logic/schemas/2016-06-01/workflowdefinition.json#","contentVersion":"1.0.0.0","parameters":{"$connections":{"defaultValue":{},"type":"Object"},"$authentication":{"defaultValue":{},"type":"SecureObject"}},"triggers":{"manual":{"metadata":{"operationMetadataId":"d48491b7-e04c-49ac-911a-f3759183a373"},"type":"Request","kind":"Button","inputs":{"schema":{"type":"object","properties":{"location":{"type":"object","properties":{"fullAddress":{"title":"Full address","type":"string","x-ms-dynamically-added":false},"address":{"type":"object","properties":{"state":{"title":"State","type":"string","x-ms-dynamically-added":false}},"required":["state"]}},"required":["fullAddress","address"]}},"required":["location"]},"headersSchema":{"x-ms-user-email-encoded":{"title":"User email","type":"string","format":"byte","x-ms-dynamically-added":false},"x-ms-user-timestamp":{"title":"Timestamp","type":"string","x-ms-dynamically-added":false}}}}},"actions":{"Post_adaptive_card_in_a_chat_or_channel":{"runAfter":{"Get_current_weather":["Succeeded"]},"metadata":{"operationMetadataId":"ca32c00a-310d-45c0-baf4-aea9318bc8dd"},"type":"OpenApiConnection","inputs":{"host":{"apiId":"/providers/Microsoft.PowerApps/apis/shared_teams","connectionName":"shared_teams","operationId":"PostCardToConversation"},"parameters":{"poster":"Flow bot","location":"Chat with Flow bot","body/recipient":"@{triggerOutputs()['headers']['x-ms-user-email-encoded']};","body/messageBody":"{\n    \"$schema\": \"http://adaptivecards.io/schemas/adaptive-card.json\",\n    \"type\": \"AdaptiveCard\",\n    \"version\": \"1.4\",\n    \"speak\": \"<s>The forecast for Seattle November 5 is mostly clear with a High of 50 degrees and Low of 41 degrees</s>\",\n    \"body\": [\n        {\n            \"type\": \"TextBlock\",\n            \"text\": \"@{triggerBody()['location']['address']['state']}\",\n            \"size\": \"Large\",\n            \"isSubtle\": true,\n            \"wrap\": true\n        },\n        {\n            \"type\": \"TextBlock\",\n            \"text\": \"@{triggerOutputs()['headers']['x-ms-user-timestamp']}\",\n            \"spacing\": \"None\",\n            \"wrap\": true\n        },\n        {\n            \"type\": \"ColumnSet\",\n            \"columns\": [\n                {\n                    \"type\": \"Column\",\n                    \"width\": \"auto\",\n                    \"items\": [\n                        {\n                            \"type\": \"Image\",\n                            \"url\": \"https://messagecardplayground.azurewebsites.net/assets/Sunny-Square.png\",\n                            \"size\": \"Small\"\n                        }\n                    ]\n                },\n                {\n                    \"type\": \"Column\",\n                    \"width\": \"auto\",\n                    \"items\": [\n                        {\n                            \"type\": \"TextBlock\",\n                            \"text\": \"@{outputs('Get_current_weather')?['body/responses/weather/current/temp']}\",\n                            \"size\": \"ExtraLarge\",\n                            \"spacing\": \"None\",\n                            \"wrap\": true\n                        }\n                    ]\n                },\n                {\n                    \"type\": \"Column\",\n                    \"width\": \"stretch\",\n                    \"items\": [\n                        {\n                            \"type\": \"TextBlock\",\n                            \"text\": \"°F\",\n                            \"weight\": \"Bolder\",\n                            \"spacing\": \"Small\",\n                            \"wrap\": true\n                        }\n                    ]\n                }\n              \n            ]\n        }\n    ]\n}"},"authentication":{"value":"@json(decodeBase64(triggerOutputs().headers['X-MS-APIM-Tokens']))['$ConnectionKey']","type":"Raw"}}},"Get_current_weather":{"runAfter":{},"metadata":{"operationMetadataId":"4cbec7ee-234e-49b5-b869-ecd679a5a9e0"},"type":"OpenApiConnection","inputs":{"host":{"apiId":"/providers/Microsoft.PowerApps/apis/shared_msnweather","connectionName":"shared_msnweather","operationId":"CurrentWeather"},"parameters":{"Location":"@triggerBody()['location']['fullAddress']","units":"Imperial"},"authentication":{"value":"@json(decodeBase64(triggerOutputs().headers['X-MS-APIM-Tokens']))['$ConnectionKey']","type":"Raw"}}}}},"connectionReferences":{"shared_teams":{"connectionName":"shared-teams-0f2e2f64-4c31-4435-b09d-2989-634e918d","source":"Invoker","id":"/providers/Microsoft.PowerApps/apis/shared_teams","tier":"NotSpecified"},"shared_msnweather":{"connectionName":"shared-msnweather-3653fedb-d113-4565-acdd-bb48-b3c737f7","source":"Invoker","id":"/providers/Microsoft.PowerApps/apis/shared_msnweather","tier":"NotSpecified"}},"flowFailureAlertSubscribed":false}}