{"name":"a5d40ae1-dcab-4d9e-9b30-b4ac2bb8ff0c","id":"/providers/Microsoft.Flow/flows/a5d40ae1-dcab-4d9e-9b30-b4ac2bb8ff0c","type":"Microsoft.Flow/flows","properties":{"apiId":"/providers/Microsoft.PowerApps/apis/shared_logicflows","displayName":"Transforming an Array into another Array","definition":{"metadata":{"workflowEntityId":null,"creator":{"id":"51a6a8e7-873c-49cf-8130-f07966aa89cd","type":"User","tenantId":"d27657b2-f96c-475e-a9bb-ffb1dbe287c8"},"provisioningMethod":"FromDefinition","failureAlertSubscription":true,"clientLastModifiedTime":"2019-10-08T16:34:01.9023467Z"},"$schema":"https://schema.management.azure.com/providers/Microsoft.Logic/schemas/2016-06-01/workflowdefinition.json#","contentVersion":"1.0.0.0","parameters":{"$authentication":{"defaultValue":{},"type":"SecureObject"}},"triggers":{"manual":{"type":"Request","kind":"Button","inputs":{"schema":{"type":"object","properties":{"text":{"title":"text","type":"string","x-ms-dynamically-added":true,"description":"fdfdfdfd","x-ms-content-hint":"TEXT"},"text_1":{"title":"text_1","type":"string","x-ms-dynamically-added":true,"description":"Please enter your input","x-ms-content-hint":"TEXT"},"text_2":{"title":"text_2","type":"string","x-ms-dynamically-added":true,"description":"Please enter your input","x-ms-content-hint":"TEXT"},"text_3":{"title":"text_3","type":"string","x-ms-dynamically-added":true,"description":"Please enter your input","x-ms-content-hint":"TEXT"}},"required":[]}}}},"actions":{"Compose":{"runAfter":{},"type":"Compose","inputs":"@string(triggerBody())"},"Compose_2":{"runAfter":{"Compose":["Succeeded"]},"type":"Compose","inputs":"@substring(outputs('Compose'),1,sub(length(outputs('Compose')),2))"},"Apply_to_each":{"foreach":"@outputs('Compose_3')","actions":{"Increment_variable":{"runAfter":{},"type":"IncrementVariable","inputs":{"name":"counter","value":1}},"Condition":{"actions":{},"runAfter":{"Increment_variable":["Succeeded"]},"else":{"actions":{"Append_to_array_variable":{"runAfter":{},"type":"AppendToArrayVariable","inputs":{"name":"arr","value":{"fieldName":"@replace(split(item(),':')?[1],'\"','')","fieldType":"@replace(split(outputs('Compose_3')?[variables('counter')],':')?[1],'\"','')"}}}}},"expression":{"equals":["@mod(variables('counter'),2)",0]},"type":"If"}},"runAfter":{"Compose_3":["Succeeded"]},"type":"Foreach"},"Initialize_variable":{"runAfter":{"Compose_2":["Succeeded"]},"type":"InitializeVariable","inputs":{"variables":[{"name":"arr","type":"Array","value":[]}]}},"Initialize_variable_2":{"runAfter":{"Initialize_variable":["Succeeded"]},"type":"InitializeVariable","inputs":{"variables":[{"name":"counter","type":"Integer","value":0}]}},"Compose_3":{"runAfter":{"Initialize_variable_2":["Succeeded"]},"type":"Compose","inputs":"@split(outputs('Compose_2'),',')"},"Compose_4":{"runAfter":{"Apply_to_each":["Succeeded"]},"type":"Compose","inputs":"@variables('arr')"}}},"connectionReferences":{},"flowFailureAlertSubscribed":false}}