{"name":"acff395a-0501-4fc6-9085-b3825578a9a7","id":"/providers/Microsoft.Flow/flows/acff395a-0501-4fc6-9085-b3825578a9a7","type":"Microsoft.Flow/flows","properties":{"apiId":"/providers/Microsoft.PowerApps/apis/shared_logicflows","displayName":"🟢 Expressions - 📅 Calculate Working Days based on a given date range","definition":{"metadata":{"workflowEntityId":null,"processAdvisorMetadata":null,"flowclientsuspensionreason":"None","flowclientsuspensiontime":null,"creator":{"id":"51a6a8e7-873c-49cf-8130-f07966aa89cd","type":"User","tenantId":"d27657b2-f96c-475e-a9bb-ffb1dbe287c8"},"provisioningMethod":"FromDefinition","failureAlertSubscription":true,"clientLastModifiedTime":"2021-10-14T16:40:41.5233214Z"},"$schema":"https://schema.management.azure.com/providers/Microsoft.Logic/schemas/2016-06-01/workflowdefinition.json#","contentVersion":"1.0.0.0","parameters":{"$connections":{"defaultValue":{},"type":"Object"},"$authentication":{"defaultValue":{},"type":"SecureObject"}},"triggers":{"manual":{"type":"Request","kind":"Button","inputs":{"schema":{"type":"object","properties":{"date":{"type":"string","format":"date","x-ms-dynamically-added":true,"description":"Please enter or select a date (YYYY-MM-DD)","title":"Start Date","x-ms-content-hint":"DATE"},"date_1":{"type":"string","format":"date","x-ms-dynamically-added":true,"description":"Please enter or select a date (YYYY-MM-DD)","title":"End Date","x-ms-content-hint":"DATE"}},"required":["date","date_1"]}}}},"actions":{"Compose_Get_Days_Difference":{"runAfter":{},"type":"Compose","inputs":"@div(sub(ticks(triggerBody()['date_1']),ticks(triggerBody()['date'])),864000000000)","description":"Check Blog - https://powerusers.microsoft.com/t5/Microsoft-Flow-Community-Blog/Flow-Calculate-Date-Diference/ba-p/135306"},"Compose_Days_Range":{"runAfter":{"Compose_Get_Days_Difference":["Succeeded"]},"type":"Compose","inputs":"@range(0,add(outputs('Compose_Get_Days_Difference'),1))"},"Select":{"runAfter":{"Compose_Days_Range":["Succeeded"]},"type":"Select","inputs":{"from":"@outputs('Compose_Days_Range')","select":"@addDays(triggerBody()['date'],item())"}},"Get_calendar_view_of_events_(V2)":{"runAfter":{"Select":["Succeeded"]},"metadata":{"flowSystemMetadata":{"swaggerOperationId":"GetEventsCalendarViewV2"}},"type":"ApiConnection","inputs":{"host":{"connection":{"name":"@json(decodeBase64(triggerOutputs().headers['X-MS-APIM-Tokens']))['$connections']['shared_office365_1']['connectionId']"},"api":{"runtimeUrl":"https://flow-apim-msmanaged-na-eastus2-01.azure-apim.net/apim/office365"}},"method":"get","path":"/datasets/calendars/v2/tables/items/calendarview","queries":{"calendarId":"AQMkAGY5MzQ3MTM3LTZjNjctNGU5Ni1hNWQ2LWUzZjJjYjlmNzQ2MgBGAAAD-74MlE4U1kqB6UrNlSU8tQcAcyfELTCQM0G-2N4Dbb5dvwAAAgEGAAAAcyfELTCQM0G-2N4Dbb5dvwADvSNuTwAAAA==","startDateTimeOffset":"@triggerBody()['date']","endDateTimeOffset":"@triggerBody()['date_1']"},"authentication":{"type":"Raw","value":"@json(decodeBase64(triggerOutputs().headers['X-MS-APIM-Tokens']))['$ConnectionKey']"}}},"HTML_Table_of_Holidays":{"runAfter":{"Get_calendar_view_of_events_(V2)":["Succeeded"]},"type":"Table","inputs":{"from":"@body('Get_calendar_view_of_events_(V2)')?['value']","format":"HTML","columns":[{"header":"Date","value":"@formatDateTime(item()?['Start'],'MMM dd yyyy')"},{"header":"Event","value":"@item()?['Subject']"}]}},"Select_US_Holidays":{"runAfter":{"HTML_Table_of_Holidays":["Succeeded"]},"type":"Select","inputs":{"from":"@body('Get_calendar_view_of_events_(V2)')?['value']","select":"@replace(item()?['Start'],'+00:00','')"}},"Filter_Holidays":{"runAfter":{"Select_US_Holidays":["Succeeded"]},"type":"Query","inputs":{"from":"@body('Select')","where":"@not(contains(body('Select_US_Holidays'), item()))"}},"Filter_Saturdays":{"runAfter":{"Filter_Holidays":["Succeeded"]},"type":"Query","inputs":{"from":"@body('Filter_Holidays')","where":"@not(equals(dayOfWeek(item()), 6))"}},"Filter_Sundays":{"runAfter":{"Filter_Saturdays":["Succeeded"]},"type":"Query","inputs":{"from":"@body('Filter_Saturdays')","where":"@not(equals(dayOfWeek(item()), 0))"}},"Send_an_email_(V2)":{"runAfter":{"Style":["Succeeded"]},"metadata":{"flowSystemMetadata":{"swaggerOperationId":"SendEmailV2"}},"type":"ApiConnection","inputs":{"host":{"connection":{"name":"@json(decodeBase64(triggerOutputs().headers['X-MS-APIM-Tokens']))['$connections']['shared_office365_1']['connectionId']"},"api":{"runtimeUrl":"https://flow-apim-msmanaged-na-eastus2-01.azure-apim.net/apim/office365"}},"method":"post","body":{"To":"@{base64ToString(triggerOutputs()['headers']['x-ms-user-email-encoded'])};","Subject":"Working Days between @{triggerBody()['date']} and @{triggerBody()['date_1']}","Body":"<p>Number of working days between @{formatDateTime(triggerBody()['date'],'dd MMM yyyy')} and @{formatDateTime(triggerBody()['date_1'],'dd MMM yyyy')} is &nbsp;<strong></strong><strong>@{length(body('Filter_Sundays'))}</strong><strong></strong><br>\n<br>\nUS Holidays :<br>\n@{body('HTML_Table_of_Holidays')}<br>\n<br>\n@{outputs('Style')}</p>"},"path":"/v2/Mail","authentication":{"type":"Raw","value":"@json(decodeBase64(triggerOutputs().headers['X-MS-APIM-Tokens']))['$ConnectionKey']"}}},"Style":{"runAfter":{"Filter_Sundays":["Succeeded"]},"type":"Compose","inputs":"<style>\ntable {\n  border: 1px solid #1C6EA4;\n  background-color: #EEEEEE;\n  width: 100%;\n  text-align: left;\n  border-collapse: collapse;\n}\ntable td, table th {\n  border: 1px solid #AAAAAA;\n  padding: 3px 2px;\n}\ntable tbody td {\n  font-size: 13px;\n}\ntable thead {\n  background: #f4570d;\n  border-bottom: 2px solid #444444;\n}\ntable thead th {\n  font-size: 15px;\n  font-weight: bold;\n  color: #FFFFFF;\n  border-left: 2px solid #D0E4F5;\n}\ntable thead th:first-child {\n  border-left: none;\n}\n</style>"}},"outputs":{}},"connectionReferences":{"shared_office365_1":{"connectionName":"7a26a75e43f0db234378d1da97c1acc0","source":"Invoker","id":"/providers/Microsoft.PowerApps/apis/shared_office365","tier":"NotSpecified"}},"flowFailureAlertSubscribed":false}}