{"name":"4bb02262-a5d7-4069-9900-c10ee8a9d38e","id":"/providers/Microsoft.Flow/flows/4bb02262-a5d7-4069-9900-c10ee8a9d38e","type":"Microsoft.Flow/flows","properties":{"apiId":"/providers/Microsoft.PowerApps/apis/shared_logicflows","displayName":"Send PDF","definition":{"metadata":{"workflowEntityId":null,"processAdvisorMetadata":null,"flowclientsuspensionreason":"None","flowclientsuspensiontime":null,"creator":{"id":"ddc02d42-c492-454d-94ce-778a07b5b8c6","type":"User","tenantId":"07446956-493d-42c8-ad05-e939cb52153f"},"provisioningMethod":"FromDefinition","failureAlertSubscription":true,"clientLastModifiedTime":"2021-05-02T12:49:33.3148194Z"},"$schema":"https://schema.management.azure.com/providers/Microsoft.Logic/schemas/2016-06-01/workflowdefinition.json#","contentVersion":"1.0.0.0","parameters":{"$connections":{"defaultValue":{},"type":"Object"},"$authentication":{"defaultValue":{},"type":"SecureObject"}},"triggers":{"manual":{"type":"Request","kind":"Button","inputs":{"schema":{"type":"object","properties":{"text":{"title":"Course Name","type":"string","x-ms-dynamically-added":true,"description":"Please enter your input","x-ms-content-hint":"TEXT"},"number":{"title":"Score","type":"number","x-ms-dynamically-added":true,"description":"Please enter a number","x-ms-content-hint":"NUMBER"}},"required":["text","number"]},"headersSchema":{"x-ms-user-name-encoded":{"title":"User name","type":"string","format":"byte","x-ms-dynamically-added":false}}}}},"actions":{"Compose":{"runAfter":{"Get_file_content":["Succeeded"]},"type":"Compose","inputs":"<div style=\"width:100%;height:100%; padding:20px; text-align:center; border: 10px solid #06038D\">\n<div style=\"color:#06038D; width:100%;height:100% padding:20px; text-align:center; border: 5px solid #06038D\">\n<img width=\"200px\" src=\"@{dataUri(outputs('Get_file_content')?['body'])}\"></img>   <br/><br/>\n       <span style=\"font-size:50px; font-weight:bold\">Certificate of Completion</span>\n      <br/><br/>\n       <span style=\"font-size:25px\"><i>This is to certify that</i></span>\n   <br/><br/>\n       <span style=\"font-size:30px\"><b>@{triggerOutputs()['headers']['x-ms-user-name-encoded']}</b></span><br/><br/>\n       <span style=\"font-size:25px\"><i>has taken the course</i></span> <br/><br/>\n       <span style=\"font-size:30px\">@{triggerBody()['text']}</span> <br/><br/>\n       <span style=\"font-size:25px\">with a score of <b>@{triggerBody()['number']}</b></span> <br/><br/><br/><br/>\n       <span style=\"font-size:25px\"><i>dated</i></span><br>\n      <span style=\"font-size:30px\">@{formatDateTime(utcNow(),'MM-dd-yyyy')}</span>\n</div>\n</div>"},"Create_file":{"runAfter":{"Compose":["Succeeded"]},"type":"OpenApiConnection","inputs":{"host":{"apiId":"/providers/Microsoft.PowerApps/apis/shared_onedriveforbusiness","connectionName":"shared_onedriveforbusiness","operationId":"CreateFile"},"parameters":{"folderPath":"/PDF","name":"sample.html","body":"@outputs('Compose')"},"authentication":{"value":"@json(decodeBase64(triggerOutputs().headers['X-MS-APIM-Tokens']))['$ConnectionKey']","type":"Raw"}},"runtimeConfiguration":{"contentTransfer":{"transferMode":"Chunked"}}},"Convert_file":{"runAfter":{"Create_file":["Succeeded"]},"type":"OpenApiConnection","inputs":{"host":{"apiId":"/providers/Microsoft.PowerApps/apis/shared_onedriveforbusiness","connectionName":"shared_onedriveforbusiness","operationId":"ConvertFile"},"parameters":{"id":"@outputs('Create_file')?['body/Id']","type":"PDF"},"authentication":{"value":"@json(decodeBase64(triggerOutputs().headers['X-MS-APIM-Tokens']))['$ConnectionKey']","type":"Raw"}}},"Send_an_email_(V2)":{"runAfter":{"Convert_file":["Succeeded"]},"type":"OpenApiConnection","inputs":{"host":{"apiId":"/providers/Microsoft.PowerApps/apis/shared_office365","connectionName":"shared_office365","operationId":"SendEmailV2"},"parameters":{"emailMessage/To":"rdorrani@thepoweraddicts.onmicrosoft.com","emailMessage/Subject":"Sample PDF","emailMessage/Body":"<p>pdf attached</p>","emailMessage/Attachments":[{"Name":"@outputs('Convert_file')?['headers/x-ms-file-name']","ContentBytes":"@outputs('Convert_file')?['body']"}],"emailMessage/Importance":"Normal"},"authentication":{"value":"@json(decodeBase64(triggerOutputs().headers['X-MS-APIM-Tokens']))['$ConnectionKey']","type":"Raw"}}},"Get_file_content":{"runAfter":{},"metadata":{"%252fPictures%252fMicrosoft-certified.png":"/Pictures/Microsoft-certified.png"},"type":"OpenApiConnection","inputs":{"host":{"apiId":"/providers/Microsoft.PowerApps/apis/shared_sharepointonline","connectionName":"shared_sharepointonline","operationId":"GetFileContent"},"parameters":{"dataset":"https://thepoweraddicts.sharepoint.com/sites/RDTech","id":"%252fPictures%252fMicrosoft-certified.png","inferContentType":true},"authentication":{"value":"@json(decodeBase64(triggerOutputs().headers['X-MS-APIM-Tokens']))['$ConnectionKey']","type":"Raw"}}}}},"connectionReferences":{"shared_onedriveforbusiness":{"connectionName":"shared-onedriveforbu-47057d18-78a8-4277-bb30-e11be90924e8","source":"Invoker","id":"/providers/Microsoft.PowerApps/apis/shared_onedriveforbusiness","tier":"NotSpecified"},"shared_office365":{"connectionName":"shared-office365-2512fe54-b21e-4ba5-9919-d0f393d9c4c0","source":"Invoker","id":"/providers/Microsoft.PowerApps/apis/shared_office365","tier":"NotSpecified"},"shared_sharepointonline":{"connectionName":"a0ed098f502a4ca4bb59859b743dc374","source":"Invoker","id":"/providers/Microsoft.PowerApps/apis/shared_sharepointonline","tier":"NotSpecified"}},"flowFailureAlertSubscribed":false}}