{"name":"855b2ee5-5c6e-4ce3-9c06-e06056ee59cd","id":"/providers/Microsoft.Flow/flows/855b2ee5-5c6e-4ce3-9c06-e06056ee59cd","type":"Microsoft.Flow/flows","properties":{"apiId":"/providers/Microsoft.PowerApps/apis/shared_logicflows","displayName":"Microsoft Group Forms Response in Email","definition":{"metadata":{"workflowEntityId":null,"processAdvisorMetadata":null,"flowclientsuspensionreason":"None","flowclientsuspensiontime":null,"creator":{"id":"ddc02d42-c492-454d-94ce-778a07b5b8c6","type":"User","tenantId":"07446956-493d-42c8-ad05-e939cb52153f"},"provisioningMethod":"FromDefinition","failureAlertSubscription":true,"clientLastModifiedTime":"2022-03-14T00:11:13.5312203Z"},"$schema":"https://schema.management.azure.com/providers/Microsoft.Logic/schemas/2016-06-01/workflowdefinition.json#","contentVersion":"1.0.0.0","parameters":{"$connections":{"defaultValue":{},"type":"Object"},"$authentication":{"defaultValue":{},"type":"SecureObject"}},"triggers":{"When_a_new_response_is_submitted":{"splitOn":"@triggerOutputs()?['body/value']","metadata":{"operationMetadataId":"e7f33cd0-4a83-449a-b76b-bb66e56723ab"},"type":"OpenApiConnectionWebhook","inputs":{"host":{"apiId":"/providers/Microsoft.PowerApps/apis/shared_microsoftforms","connectionName":"shared_microsoftforms","operationId":"CreateFormWebhook"},"parameters":{"form_id":"VmlEBz1JyEKtBek5y1IVP9rzU8kEae5Gs4vu1rIZ73lUQVRaUUE1R1dON1Q2S1ZXUFhKNVVSN0ZXOCQlQCN0PWcu"},"authentication":"@parameters('$authentication')"}}},"actions":{"Get_response_details":{"runAfter":{},"metadata":{"operationMetadataId":"61d742a7-e5ed-40cc-b0ca-8ba1ac381398"},"type":"OpenApiConnection","inputs":{"host":{"apiId":"/providers/Microsoft.PowerApps/apis/shared_microsoftforms","connectionName":"shared_microsoftforms","operationId":"GetFormResponseById"},"parameters":{"form_id":"VmlEBz1JyEKtBek5y1IVP9rzU8kEae5Gs4vu1rIZ73lUQVRaUUE1R1dON1Q2S1ZXUFhKNVVSN0ZXOCQlQCN0PWcu","response_id":"@triggerOutputs()?['body/resourceData/responseId']"},"authentication":"@parameters('$authentication')"}},"Send_an_email_(V2)":{"runAfter":{"Apply_to_each":["Succeeded"]},"metadata":{"operationMetadataId":"43d3aa76-7fd4-48cb-932b-a93da76f7216"},"type":"OpenApiConnection","inputs":{"host":{"apiId":"/providers/Microsoft.PowerApps/apis/shared_office365","connectionName":"shared_office365","operationId":"SendEmailV2"},"parameters":{"emailMessage/To":"@outputs('Get_response_details')?['body/responder']","emailMessage/Subject":"Microsoft Form Response:  @{outputs('Get_response_details')?['body/submitDate']}","emailMessage/Body":"<p>Microsoft Forms response has been submitted by \"@{outputs('Get_response_details')?['body/responder']}\" at \"@{outputs('Get_response_details')?['body/submitDate']}\"<br>\n@{outputs('Get_response_details')?['body/r82e891b6f03747f48764dbd84e869a68']}</p>","emailMessage/Attachments":"@variables('varFiles')"},"authentication":"@parameters('$authentication')"}},"Initialize_variable":{"runAfter":{"Get_response_details":["Succeeded"]},"metadata":{"operationMetadataId":"494c08d5-47de-47d8-9bc0-64914342a4a5"},"type":"InitializeVariable","inputs":{"variables":[{"name":"varFiles","type":"array"}]}},"Apply_to_each":{"foreach":"@json(outputs('Get_response_details')?['body/rb13a89f664ee4953bbe04b75c2b2fbe5'])","actions":{"Get_file_content_using_path":{"runAfter":{},"metadata":{"operationMetadataId":"bcacffd3-cbe9-4b90-8c5e-067a80bd3772"},"type":"OpenApiConnection","inputs":{"host":{"apiId":"/providers/Microsoft.PowerApps/apis/shared_sharepointonline","connectionName":"shared_sharepointonline","operationId":"GetFileContentByPath"},"parameters":{"dataset":"https://thepoweraddicts.sharepoint.com/sites/PowerTeam","path":"@item()?['link']","inferContentType":true},"authentication":"@parameters('$authentication')"}},"Append_to_array_variable":{"runAfter":{"Get_file_content_using_path":["Succeeded"]},"metadata":{"operationMetadataId":"63690b94-8eb1-481a-b9e2-3cee3d5b0290"},"type":"AppendToArrayVariable","inputs":{"name":"varFiles","value":{"Name":"@{item()?['name']}","ContentBytes":"@body('Get_file_content_using_path')"}}}},"runAfter":{"Initialize_variable":["Succeeded"]},"metadata":{"operationMetadataId":"ce6fa931-dae2-4c3a-bf4a-003932366ff3"},"type":"Foreach"}},"outputs":{},"description":"When a new response is submitted in Microsoft Forms, send an email to the responder about receiving the response."},"connectionReferences":{"shared_microsoftforms":{"connectionName":"shared-microsoftform-da1798a8-b27c-42d1-8dbc-9a19c28b5f55","source":"Embedded","id":"/providers/Microsoft.PowerApps/apis/shared_microsoftforms","tier":"NotSpecified"},"shared_office365":{"connectionName":"shared-office365-967c9478-ae66-42c5-a8f6-1267abc5c5fe","source":"Embedded","id":"/providers/Microsoft.PowerApps/apis/shared_office365","tier":"NotSpecified"},"shared_sharepointonline":{"connectionName":"a0ed098f502a4ca4bb59859b743dc374","source":"Embedded","id":"/providers/Microsoft.PowerApps/apis/shared_sharepointonline","tier":"NotSpecified"}},"flowFailureAlertSubscribed":false}}