{"name":"44fb4d97-af62-47b0-9338-e6f7177b1784","id":"/providers/Microsoft.Flow/flows/44fb4d97-af62-47b0-9338-e6f7177b1784","type":"Microsoft.Flow/flows","properties":{"apiId":"/providers/Microsoft.PowerApps/apis/shared_logicflows","displayName":"Microsoft Forms Data as Excel","definition":{"metadata":{"workflowEntityId":null,"processAdvisorMetadata":null,"flowclientsuspensionreason":"None","flowclientsuspensiontime":null,"creator":{"id":"ddc02d42-c492-454d-94ce-778a07b5b8c6","type":"User","tenantId":"07446956-493d-42c8-ad05-e939cb52153f"},"provisioningMethod":"FromDefinition","failureAlertSubscription":true,"clientLastModifiedTime":"2021-10-10T21:31:18.4972013Z"},"$schema":"https://schema.management.azure.com/providers/Microsoft.Logic/schemas/2016-06-01/workflowdefinition.json#","contentVersion":"1.0.0.0","parameters":{"$connections":{"defaultValue":{},"type":"Object"},"$authentication":{"defaultValue":{},"type":"SecureObject"}},"triggers":{"manual":{"type":"Request","kind":"Button","inputs":{"schema":{"type":"object","properties":{"text":{"title":"Input","type":"string","x-ms-dynamically-added":true,"description":"Please enter your input","x-ms-content-hint":"TEXT","enum":["High Rating","Low Rating"]}},"required":["text"]},"headersSchema":{"x-ms-user-email-encoded":{"title":"User email","type":"string","format":"byte","x-ms-dynamically-added":false}}}}},"actions":{"FormInfo":{"runAfter":{"Get_my_profile_(V2)":["Succeeded"]},"type":"OpenApiConnection","inputs":{"host":{"apiId":"/providers/Microsoft.PowerApps/apis/shared_sharepointonline","connectionName":"shared_sharepointonline","operationId":"HttpRequest"},"parameters":{"dataset":"https://forms.office.com/","parameters/method":"GET","parameters/uri":"/formapi/api/07446956-493d-42c8-ad05-e939cb52153f/users/@{outputs('Get_my_profile_(V2)')?['body/id']}/light/forms('VmlEBz1JyEKtBek5y1IVP0ItwN2SxE1FlM53ige1uMZUNDZPVVQ2UDRHWUtQMlVaQ09RSzdaVk9OUC4u')"},"authentication":{"value":"@json(decodeBase64(triggerOutputs().headers['X-MS-APIM-Tokens']))['$ConnectionKey']","type":"Raw"}}},"Get_my_profile_(V2)":{"runAfter":{},"type":"OpenApiConnection","inputs":{"host":{"apiId":"/providers/Microsoft.PowerApps/apis/shared_office365users","connectionName":"shared_office365users","operationId":"MyProfile_V2"},"parameters":{},"authentication":{"value":"@json(decodeBase64(triggerOutputs().headers['X-MS-APIM-Tokens']))['$ConnectionKey']","type":"Raw"}}},"Get_Form_Responses":{"runAfter":{"FormInfo":["Succeeded"]},"type":"OpenApiConnection","inputs":{"host":{"apiId":"/providers/Microsoft.PowerApps/apis/shared_sharepointonline","connectionName":"shared_sharepointonline","operationId":"HttpRequest"},"parameters":{"dataset":"https://forms.office.com","parameters/method":"GET","parameters/uri":"/formapi/DownloadExcelFile.ashx?formid=VmlEBz1JyEKtBek5y1IVP0ItwN2SxE1FlM53ige1uMZUNDZPVVQ2UDRHWUtQMlVaQ09RSzdaVk9OUC4u&timezoneOffset=300&__TimezoneId=America%2FChicago&minResponseId=1&maxResponseId=@{body('FormInfo')?['rowCount']}"},"authentication":{"value":"@json(decodeBase64(triggerOutputs().headers['X-MS-APIM-Tokens']))['$ConnectionKey']","type":"Raw"}}},"Create_file":{"runAfter":{"Get_Form_Responses":["Succeeded"]},"type":"OpenApiConnection","inputs":{"host":{"apiId":"/providers/Microsoft.PowerApps/apis/shared_onedriveforbusiness","connectionName":"shared_onedriveforbusiness","operationId":"CreateFile"},"parameters":{"folderPath":"/","name":"@{utcNow()}.xlsx","body":"@outputs('Get_Form_Responses')?['body']"},"authentication":{"value":"@json(decodeBase64(triggerOutputs().headers['X-MS-APIM-Tokens']))['$ConnectionKey']","type":"Raw"}},"runtimeConfiguration":{"contentTransfer":{"transferMode":"Chunked"}}},"List_rows_present_in_a_table":{"runAfter":{"Create_file":["Succeeded"]},"type":"OpenApiConnection","inputs":{"host":{"apiId":"/providers/Microsoft.PowerApps/apis/shared_excelonlinebusiness","connectionName":"shared_excelonlinebusiness","operationId":"GetItems"},"parameters":{"source":"me","drive":"b!ZS6YmLIUL0GC8T8GTmwWBE4x_AdJW4NAtaBFBbtuyJuJJUwnqjhnQ79cYw-XH5zk","file":"@outputs('Create_file')?['body/Id']","table":"Table1"},"authentication":{"value":"@json(decodeBase64(triggerOutputs().headers['X-MS-APIM-Tokens']))['$ConnectionKey']","type":"Raw"}}},"Send_an_email_(V2)":{"runAfter":{"Style":["Succeeded"]},"type":"OpenApiConnection","inputs":{"host":{"apiId":"/providers/Microsoft.PowerApps/apis/shared_office365","connectionName":"shared_office365","operationId":"SendEmailV2"},"parameters":{"emailMessage/To":"@triggerOutputs()['headers']['x-ms-user-email-encoded']","emailMessage/Subject":"Feedback Survey Score @{triggerBody()['text']}","emailMessage/Body":"<p>@{triggerBody()['text']} Responses: @{length(variables('varResponses'))}<br>\n@{body('Create_HTML_table')}@{outputs('Style')}</p>","emailMessage/Attachments":[{"Name":"@outputs('Create_file')?['body/Name']","ContentBytes":"@outputs('Get_Form_Responses')?['body']"}],"emailMessage/Importance":"Normal"},"authentication":{"value":"@json(decodeBase64(triggerOutputs().headers['X-MS-APIM-Tokens']))['$ConnectionKey']","type":"Raw"}}},"Select":{"runAfter":{"Condition":["Succeeded"]},"type":"Select","inputs":{"from":"@variables('varResponses')","select":{"Name":"@item()?['Your Name']","Email":"@item()?['Your Email']","Rating":"@item()?['Overall Rating for the Event']"}}},"Create_HTML_table":{"runAfter":{"Select":["Succeeded"]},"type":"Table","inputs":{"from":"@body('Select')","format":"HTML"}},"Style":{"runAfter":{"Create_HTML_table":["Succeeded"]},"type":"Compose","inputs":"<style>\ntable {\n  border: 1px solid #1C6EA4;\n  background-color: #EEEEEE;\n  width: 100%;\n  text-align: left;\n  border-collapse: collapse;\n}\ntable td, table th {\n  border: 1px solid #AAAAAA;\n  padding: 3px 2px;\n}\ntable tbody td {\n  font-size: 13px;\n}\ntable thead {\n  background: #1C6EA4;\n  border-bottom: 2px solid #444444;\n}\ntable thead th {\n  font-size: 15px;\n  font-weight: bold;\n  color: #FFFFFF;\n  border-left: 2px solid #D0E4F5;\n}\ntable thead th:first-child {\n  border-left: none;\n}\n</style>"},"Condition":{"actions":{"Filter_array":{"runAfter":{},"type":"Query","inputs":{"from":"@outputs('List_rows_present_in_a_table')?['body/value']","where":"@lessOrEquals(int(item()?['Overall Rating for the Event']), 3)"}},"Set_variable":{"runAfter":{"Filter_array":["Succeeded"]},"type":"SetVariable","inputs":{"name":"varResponses","value":"@body('Filter_array')"}}},"runAfter":{"Initialize_variable":["Succeeded"]},"else":{"actions":{"Filter_array_2":{"runAfter":{},"type":"Query","inputs":{"from":"@outputs('List_rows_present_in_a_table')?['body/value']","where":"@greater(int(item()?['Overall Rating for the Event']), 3)"}},"Set_variable_2":{"runAfter":{"Filter_array_2":["Succeeded"]},"type":"SetVariable","inputs":{"name":"varResponses","value":"@body('Filter_array_2')"}}}},"expression":{"equals":["@triggerBody()['text']","Low Rating"]},"type":"If"},"Initialize_variable":{"runAfter":{"List_rows_present_in_a_table":["Succeeded"]},"type":"InitializeVariable","inputs":{"variables":[{"name":"varResponses","type":"array"}]}}}},"connectionReferences":{"shared_sharepointonline":{"connectionName":"a0ed098f502a4ca4bb59859b743dc374","source":"Invoker","id":"/providers/Microsoft.PowerApps/apis/shared_sharepointonline","tier":"NotSpecified"},"shared_office365users":{"connectionName":"19e711f9cb154f4084ccf1f89f6e2c08","source":"Invoker","id":"/providers/Microsoft.PowerApps/apis/shared_office365users","tier":"NotSpecified"},"shared_onedriveforbusiness":{"connectionName":"shared-onedriveforbu-47057d18-78a8-4277-bb30-e11be90924e8","source":"Invoker","id":"/providers/Microsoft.PowerApps/apis/shared_onedriveforbusiness","tier":"NotSpecified"},"shared_excelonlinebusiness":{"connectionName":"shared-excelonlinebu-03c28664-7d2f-4357-a69a-43d3-168a1e8f","source":"Invoker","id":"/providers/Microsoft.PowerApps/apis/shared_excelonlinebusiness","tier":"NotSpecified"},"shared_office365":{"connectionName":"shared-office365-2512fe54-b21e-4ba5-9919-d0f393d9c4c0","source":"Invoker","id":"/providers/Microsoft.PowerApps/apis/shared_office365","tier":"NotSpecified"}},"flowFailureAlertSubscribed":false}}