{"name":"3db528af-3e22-40d9-a4e4-db263654e2e5","id":"/providers/Microsoft.Flow/flows/3db528af-3e22-40d9-a4e4-db263654e2e5","type":"Microsoft.Flow/flows","properties":{"apiId":"/providers/Microsoft.PowerApps/apis/shared_logicflows","displayName":"Email Reminder","definition":{"metadata":{"workflowEntityId":null,"creator":{"id":"51a6a8e7-873c-49cf-8130-f07966aa89cd","type":"User","tenantId":"d27657b2-f96c-475e-a9bb-ffb1dbe287c8"},"provisioningMethod":"FromDefinition","failureAlertSubscription":true,"clientLastModifiedTime":"2019-07-22T21:50:04.0171765Z"},"$schema":"https://schema.management.azure.com/providers/Microsoft.Logic/schemas/2016-06-01/workflowdefinition.json#","contentVersion":"1.0.0.0","parameters":{"$connections":{"defaultValue":{},"type":"Object"},"$authentication":{"defaultValue":{},"type":"SecureObject"}},"triggers":{"manual":{"type":"Request","kind":"Button","inputs":{"schema":{"type":"object","properties":{},"required":[]}}}},"actions":{"Initialize_variable":{"runAfter":{},"type":"InitializeVariable","inputs":{"variables":[{"name":"ApproverResponded","type":"String","value":"No"}]}},"Start_and_wait_for_an_approval":{"runAfter":{"Initialize_variable":["Succeeded"]},"metadata":{"flowSystemMetadata":{"swaggerOperationId":"StartAndWaitForAnApproval"}},"type":"ApiConnectionWebhook","inputs":{"host":{"connection":{"name":"@json(decodeBase64(triggerOutputs().headers['X-MS-APIM-Tokens']))['$connections']['shared_approvals']['connectionId']"},"api":{"runtimeUrl":"https://flow-apim-msmanaged-na-northcentralus-01.azure-apim.net/apim/approvals"}},"body":{"notificationUrl":"@{listCallbackUrl()}","title":"Dummy Task","assignedTo":"reza@rdorrani.onmicrosoft.com;","enableNotifications":true},"path":"/types/@{encodeURIComponent('Basic')}/subscriptions","authentication":{"type":"Raw","value":"@json(decodeBase64(triggerOutputs().headers['X-MS-APIM-Tokens']))['$ConnectionKey']"}}},"Do_until":{"actions":{"Delay_24_hours":{"runAfter":{},"type":"Wait","inputs":{"interval":{"count":15,"unit":"Second"}}},"Condition":{"actions":{"Send_an_email_reminder":{"runAfter":{},"metadata":{"flowSystemMetadata":{"swaggerOperationId":"SendEmail"}},"type":"ApiConnection","inputs":{"host":{"connection":{"name":"@json(decodeBase64(triggerOutputs().headers['X-MS-APIM-Tokens']))['$connections']['shared_office365']['connectionId']"},"api":{"runtimeUrl":"https://flow-apim-msmanaged-na-eastus2-01.azure-apim.net/apim/office365"}},"method":"post","body":{"To":"reza@rdorrani.onmicrosoft.com;","Subject":"Reminder for dummy task approval","Body":"dummy task reminder"},"path":"/Mail","authentication":{"type":"Raw","value":"@json(decodeBase64(triggerOutputs().headers['X-MS-APIM-Tokens']))['$ConnectionKey']"}}}},"runAfter":{"Delay_24_hours":["Succeeded"]},"expression":{"equals":["@variables('ApproverResponded')","No"]},"type":"If"}},"runAfter":{"Initialize_variable":["Succeeded"]},"expression":"@equals(variables('ApproverResponded'), 'Yes')","limit":{"count":60,"timeout":"PT1H"},"type":"Until"},"Set_variable":{"runAfter":{"Start_and_wait_for_an_approval":["Succeeded"]},"type":"SetVariable","inputs":{"name":"ApproverResponded","value":"Yes"}}},"outputs":{}},"connectionReferences":{"shared_approvals":{"connectionName":"36ce56feaa7d4e3d84f832de56511a39","source":"Invoker","id":"/providers/Microsoft.PowerApps/apis/shared_approvals","tier":"NotSpecified"},"shared_office365":{"connectionName":"7a26a75e43f0db234378d1da97c1acc0","source":"Invoker","id":"/providers/Microsoft.PowerApps/apis/shared_office365","tier":"NotSpecified"}},"flowFailureAlertSubscribed":false}}