{"name":"e5adec63-abab-49d7-bc2b-3ceb6ee7fc03","id":"/providers/Microsoft.Flow/flows/e5adec63-abab-49d7-bc2b-3ceb6ee7fc03","type":"Microsoft.Flow/flows","properties":{"apiId":"/providers/Microsoft.PowerApps/apis/shared_logicflows","displayName":"Contracts Management Approval Flow","definition":{"metadata":{"workflowEntityId":null,"flowclientsuspensionreason":"None","flowclientsuspensiontime":null,"creator":{"id":"ddc02d42-c492-454d-94ce-778a07b5b8c6","type":"User","tenantId":"07446956-493d-42c8-ad05-e939cb52153f"},"provisioningMethod":"FromDefinition","failureAlertSubscription":true,"clientLastModifiedTime":"2021-01-24T21:08:18.4081046Z"},"$schema":"https://schema.management.azure.com/providers/Microsoft.Logic/schemas/2016-06-01/workflowdefinition.json#","contentVersion":"1.0.0.0","parameters":{"$connections":{"defaultValue":{},"type":"Object"},"$authentication":{"defaultValue":{},"type":"SecureObject"}},"triggers":{"When_a_file_is_created_or_modified_(properties_only)":{"recurrence":{"frequency":"Minute","interval":1},"splitOn":"@triggerOutputs()?['body/value']","type":"OpenApiConnection","inputs":{"host":{"apiId":"/providers/Microsoft.PowerApps/apis/shared_sharepointonline","connectionName":"shared_sharepointonline","operationId":"GetOnUpdatedFileItems"},"parameters":{"dataset":"https://thepoweraddicts.sharepoint.com/","table":"d9f55c3c-9d07-4b57-bfc8-d79e257db98f"},"authentication":"@parameters('$authentication')"},"conditions":[{"expression":"@not(equals(triggerBody()?['StartWF'],'No'))"}]}},"actions":{"Current_Contract_Status":{"runAfter":{},"type":"InitializeVariable","inputs":{"variables":[{"name":"varStatus","type":"string","value":"@triggerOutputs()?['body/Status/Value']"}]}},"Switch":{"runAfter":{"Current_Contract_Status":["Succeeded"]},"cases":{"Department_Approval":{"case":"Pending Department Review","actions":{"Update_file_properties":{"runAfter":{},"type":"OpenApiConnection","inputs":{"host":{"apiId":"/providers/Microsoft.PowerApps/apis/shared_sharepointonline","connectionName":"shared_sharepointonline","operationId":"PatchFileItem"},"parameters":{"dataset":"https://thepoweraddicts.sharepoint.com/","table":"d9f55c3c-9d07-4b57-bfc8-d79e257db98f","id":"@triggerOutputs()?['body/ID']","item/Status/Value":"Pending Department Review","item/ApprovalHistory":"📝 Approval Started By  @{triggerOutputs()?['body/Author/DisplayName']}(@{convertFromUtc(triggerBody()?['Created'],'Central Standard Time','M/dd/yyyy h:mm tt')})\n\n@{triggerOutputs()?['body/ApprovalHistory']}","item/StartWF":"No"},"authentication":"@parameters('$authentication')"}},"Department_Approval":{"runAfter":{"Update_file_properties":["Succeeded"]},"limit":{"timeout":"PT1M"},"type":"OpenApiConnectionWebhook","inputs":{"host":{"apiId":"/providers/Microsoft.PowerApps/apis/shared_approvals","connectionName":"shared_approvals","operationId":"StartAndWaitForAnApproval"},"parameters":{"approvalType":"Basic","WebhookApprovalCreationInput/title":"Department Review for @{triggerOutputs()?['body/{Name}']}","WebhookApprovalCreationInput/assignedTo":"jtaylor@thepoweraddicts.onmicrosoft.com;","WebhookApprovalCreationInput/details":"@{body('Update_file_properties')?['{Name}']}\n@{body('Update_file_properties')?['Author']?['DisplayName']}","WebhookApprovalCreationInput/itemLink":"@body('Update_file_properties')?['{Link}']","WebhookApprovalCreationInput/itemLinkDescription":"@body('Update_file_properties')?['{Name}']","WebhookApprovalCreationInput/enableNotifications":true,"WebhookApprovalCreationInput/enableReassignment":true},"authentication":"@parameters('$authentication')"}},"Condition":{"actions":{"Apply_to_each":{"foreach":"@outputs('Department_Approval')?['body/responses']","actions":{"Update_status_to_Legal_Review":{"runAfter":{},"type":"OpenApiConnection","inputs":{"host":{"apiId":"/providers/Microsoft.PowerApps/apis/shared_sharepointonline","connectionName":"shared_sharepointonline","operationId":"PatchFileItem"},"parameters":{"dataset":"https://thepoweraddicts.sharepoint.com/","table":"d9f55c3c-9d07-4b57-bfc8-d79e257db98f","id":"@triggerOutputs()?['body/ID']","item/Status/Value":"Pending Legal Review","item/ApprovalHistory":"✔️ Approved by Department Reviewer @{items('Apply_to_each')?['responder/displayName']} (@{convertFromUtc(outputs('Department_Approval')?['body/completionDate'], 'Pacific Standard Time', 'M/dd/yyyy h:mm tt')}) : @{items('Apply_to_each')?['comments']}\n\n@{outputs('Update_file_properties')?['body/ApprovalHistory']}","item/StartWF":"Yes"},"authentication":"@parameters('$authentication')"}}},"runAfter":{},"type":"Foreach"}},"runAfter":{"Department_Approval":["Succeeded"]},"else":{"actions":{"Apply_to_each_2":{"foreach":"@outputs('Department_Approval')?['body/responses']","actions":{"Update_status_to_Rejected_by_Department_Approver":{"runAfter":{},"type":"OpenApiConnection","inputs":{"host":{"apiId":"/providers/Microsoft.PowerApps/apis/shared_sharepointonline","connectionName":"shared_sharepointonline","operationId":"PatchFileItem"},"parameters":{"dataset":"https://thepoweraddicts.sharepoint.com/","table":"d9f55c3c-9d07-4b57-bfc8-d79e257db98f","id":"@triggerOutputs()?['body/ID']","item/Status/Value":"Need more information","item/ApprovalHistory":"❌ Rejected by Department Reviewer @{items('Apply_to_each_2')?['responder/displayName']} (@{convertFromUtc(outputs('Department_Approval')?['body/completionDate'], 'Pacific Standard Time', 'M/dd/yyyy h:mm tt')}) : @{items('Apply_to_each_2')?['comments']}\n\n@{outputs('Update_file_properties')?['body/ApprovalHistory']}","item/StartWF":"Yes"},"authentication":"@parameters('$authentication')"}}},"runAfter":{},"type":"Foreach"}}},"expression":{"equals":["@outputs('Department_Approval')?['body/outcome']","Approve"]},"type":"If"},"Timeout_for_Department_Approval":{"runAfter":{"Department_Approval":["TimedOut"]},"type":"OpenApiConnection","inputs":{"host":{"apiId":"/providers/Microsoft.PowerApps/apis/shared_sharepointonline","connectionName":"shared_sharepointonline","operationId":"PatchFileItem"},"parameters":{"dataset":"https://thepoweraddicts.sharepoint.com/","table":"d9f55c3c-9d07-4b57-bfc8-d79e257db98f","id":"@triggerOutputs()?['body/ID']","item/Status/Value":"Pending Department Review","item/ApprovalHistory":"⌛ Approval action timed out for Department Reviewer.\n\n@{outputs('Update_file_properties')?['body/ApprovalHistory']}","item/StartWF":"Yes"},"authentication":"@parameters('$authentication')"}},"Terminate":{"runAfter":{"Timeout_for_Department_Approval":["Succeeded"]},"type":"Terminate","inputs":{"runStatus":"Succeeded"}}}},"Legal_Approval":{"case":"Pending Legal Review","actions":{"Legal_Approval":{"runAfter":{},"limit":{"timeout":"PT1M"},"type":"OpenApiConnectionWebhook","inputs":{"host":{"apiId":"/providers/Microsoft.PowerApps/apis/shared_approvals","connectionName":"shared_approvals","operationId":"StartAndWaitForAnApproval"},"parameters":{"approvalType":"Basic","WebhookApprovalCreationInput/title":"Legal Review for @{triggerOutputs()?['body/{Name}']}","WebhookApprovalCreationInput/assignedTo":"stabor@thepoweraddicts.onmicrosoft.com;","WebhookApprovalCreationInput/details":"@{triggerOutputs()?['body/{Name}']}\n@{triggerOutputs()?['body/Author/DisplayName']}","WebhookApprovalCreationInput/itemLink":"@triggerOutputs()?['body/{Link}']","WebhookApprovalCreationInput/itemLinkDescription":"@triggerOutputs()?['body/{Name}']","WebhookApprovalCreationInput/enableNotifications":true,"WebhookApprovalCreationInput/enableReassignment":true},"authentication":"@parameters('$authentication')"}},"Check_legal_approval_response":{"actions":{"Apply_to_each_3":{"foreach":"@outputs('Legal_Approval')?['body/responses']","actions":{"Update_status_to_Approved":{"runAfter":{},"type":"OpenApiConnection","inputs":{"host":{"apiId":"/providers/Microsoft.PowerApps/apis/shared_sharepointonline","connectionName":"shared_sharepointonline","operationId":"PatchFileItem"},"parameters":{"dataset":"https://thepoweraddicts.sharepoint.com/","table":"d9f55c3c-9d07-4b57-bfc8-d79e257db98f","id":"@triggerOutputs()?['body/ID']","item/Status/Value":"Approved","item/ApprovalHistory":"✔️ Approved by Legal Reviewer @{items('Apply_to_each_3')?['responder/displayName']} (@{convertFromUtc(outputs('Legal_Approval')?['body/completionDate'], 'Pacific Standard Time', 'M/dd/yyyy h:mm tt')}) : @{items('Apply_to_each_3')?['comments']}\n\n@{triggerOutputs()?['body/ApprovalHistory']}","item/StartWF":"No"},"authentication":"@parameters('$authentication')"}}},"runAfter":{},"type":"Foreach"}},"runAfter":{"Legal_Approval":["Succeeded"]},"else":{"actions":{"Apply_to_each_4":{"foreach":"@outputs('Legal_Approval')?['body/responses']","actions":{"Update_status_to_Rejected":{"runAfter":{},"type":"OpenApiConnection","inputs":{"host":{"apiId":"/providers/Microsoft.PowerApps/apis/shared_sharepointonline","connectionName":"shared_sharepointonline","operationId":"PatchFileItem"},"parameters":{"dataset":"https://thepoweraddicts.sharepoint.com/","table":"d9f55c3c-9d07-4b57-bfc8-d79e257db98f","id":"@triggerOutputs()?['body/ID']","item/Status/Value":"Need more information","item/ApprovalHistory":"❌ Rejected by Legal Reviewer @{items('Apply_to_each_4')?['responder/displayName']} (@{convertFromUtc(outputs('Legal_Approval')?['body/completionDate'], 'Pacific Standard Time', 'M/dd/yyyy h:mm tt')}) : @{items('Apply_to_each_4')?['comments']}\n\n@{triggerOutputs()?['body/ApprovalHistory']}","item/StartWF":"Yes"},"authentication":"@parameters('$authentication')"}}},"runAfter":{},"type":"Foreach"}}},"expression":{"equals":["@outputs('Legal_Approval')?['body/outcome']","Approve"]},"type":"If"},"restart_legal_approval_process":{"runAfter":{"Legal_Approval":["TimedOut"]},"type":"OpenApiConnection","inputs":{"host":{"apiId":"/providers/Microsoft.PowerApps/apis/shared_sharepointonline","connectionName":"shared_sharepointonline","operationId":"PatchFileItem"},"parameters":{"dataset":"https://thepoweraddicts.sharepoint.com/","table":"d9f55c3c-9d07-4b57-bfc8-d79e257db98f","id":"@triggerOutputs()?['body/ID']","item/Status/Value":"Pending Legal Review","item/ApprovalHistory":"⌛ Approval action timed out for Legal Reviewer.\n\n@{triggerOutputs()?['body/ApprovalHistory']}","item/StartWF":"Yes"},"authentication":"@parameters('$authentication')"}},"Set_flow_to_terminate":{"runAfter":{"restart_legal_approval_process":["Succeeded"]},"type":"Terminate","inputs":{"runStatus":"Succeeded"}}}},"Need_more_information":{"case":"Need more information","actions":{"Need_more_information":{"runAfter":{},"type":"OpenApiConnectionWebhook","inputs":{"host":{"apiId":"/providers/Microsoft.PowerApps/apis/shared_approvals","connectionName":"shared_approvals","operationId":"StartAndWaitForAnApproval"},"parameters":{"approvalType":"CustomResponse","WebhookApprovalCreationInput/responseOptions":["Submit for Approval","Withdraw"],"WebhookApprovalCreationInput/title":"@triggerOutputs()?['body/{Name}']","WebhookApprovalCreationInput/assignedTo":"@{triggerOutputs()?['body/Author/Email']};","WebhookApprovalCreationInput/details":"@triggerOutputs()?['body/ApprovalHistory']","WebhookApprovalCreationInput/itemLink":"@triggerOutputs()?['body/{Link}']","WebhookApprovalCreationInput/itemLinkDescription":"@triggerOutputs()?['body/{Name}']","WebhookApprovalCreationInput/enableNotifications":true,"WebhookApprovalCreationInput/enableReassignment":true},"authentication":"@parameters('$authentication')"}},"Condition_2":{"actions":{"Restart_approval":{"runAfter":{},"type":"OpenApiConnection","inputs":{"host":{"apiId":"/providers/Microsoft.PowerApps/apis/shared_sharepointonline","connectionName":"shared_sharepointonline","operationId":"PatchFileItem"},"parameters":{"dataset":"https://thepoweraddicts.sharepoint.com/","table":"d9f55c3c-9d07-4b57-bfc8-d79e257db98f","id":"@triggerOutputs()?['body/ID']","item/Status/Value":"Pending Department Review","item/ApprovalHistory":"Approval process has been restarted by @{triggerOutputs()?['body/Author/DisplayName']}\n\n@{triggerOutputs()?['body/ApprovalHistory']}","item/StartWF":"Yes"},"authentication":"@parameters('$authentication')"}}},"runAfter":{"Need_more_information":["Succeeded"]},"else":{"actions":{"Withdraw":{"runAfter":{},"type":"OpenApiConnection","inputs":{"host":{"apiId":"/providers/Microsoft.PowerApps/apis/shared_sharepointonline","connectionName":"shared_sharepointonline","operationId":"PatchFileItem"},"parameters":{"dataset":"https://thepoweraddicts.sharepoint.com/","table":"d9f55c3c-9d07-4b57-bfc8-d79e257db98f","id":"@triggerOutputs()?['body/ID']","item/Status/Value":"Withdrawn","item/ApprovalHistory":"Request withdrawn by @{triggerOutputs()?['body/Author/DisplayName']}\n\n@{triggerOutputs()?['body/ApprovalHistory']}","item/StartWF":"No"},"authentication":"@parameters('$authentication')"}}}},"expression":{"equals":["@outputs('Need_more_information')?['body/outcome']","Submit for Approval"]},"type":"If"}}}},"default":{"actions":{}},"expression":"@variables('varStatus')","type":"Switch"}}},"connectionReferences":{"shared_sharepointonline":{"connectionName":"a0ed098f502a4ca4bb59859b743dc374","source":"Embedded","id":"/providers/Microsoft.PowerApps/apis/shared_sharepointonline","tier":"NotSpecified"},"shared_approvals":{"connectionName":"shared-approvals-54268f99-4a7f-4baa-aebd-c53ce07066de","source":"Embedded","id":"/providers/Microsoft.PowerApps/apis/shared_approvals","tier":"NotSpecified"}},"flowFailureAlertSubscribed":false}}