{"name":"ff9cfac5-d1df-4315-b919-1aecdeb51def","id":"/providers/Microsoft.Flow/flows/ff9cfac5-d1df-4315-b919-1aecdeb51def","type":"Microsoft.Flow/flows","properties":{"apiId":"/providers/Microsoft.PowerApps/apis/shared_logicflows","displayName":"Welcome Team Member","definition":{"metadata":{"workflowEntityId":null,"processAdvisorMetadata":null,"flowclientsuspensionreason":"None","flowclientsuspensiontime":null,"creator":{"id":"ddc02d42-c492-454d-94ce-778a07b5b8c6","type":"User","tenantId":"07446956-493d-42c8-ad05-e939cb52153f"},"provisioningMethod":"FromDefinition","failureAlertSubscription":true,"clientLastModifiedTime":"2022-03-21T00:52:34.6867042Z"},"$schema":"https://schema.management.azure.com/providers/Microsoft.Logic/schemas/2016-06-01/workflowdefinition.json#","contentVersion":"1.0.0.0","parameters":{"$connections":{"defaultValue":{},"type":"Object"},"$authentication":{"defaultValue":{},"type":"SecureObject"}},"triggers":{"When_a_new_team_member_is_added":{"recurrence":{"frequency":"Minute","interval":1},"splitOn":"@triggerOutputs()?['body']","metadata":{"operationMetadataId":"79061aae-816c-412e-9a19-ee097ba4e6b4"},"type":"OpenApiConnection","inputs":{"host":{"apiId":"/providers/Microsoft.PowerApps/apis/shared_teams","connectionName":"shared_teams","operationId":"OnGroupMembershipAdd"},"parameters":{"groupId":"079b184b-fa8a-4894-8f8f-098962089e6c"},"authentication":"@parameters('$authentication')"}}},"actions":{"Get_user_photo_(V2)":{"runAfter":{"Get_my_profile_(V2)":["Succeeded"]},"metadata":{"operationMetadataId":"201e15bc-5931-49e2-829a-c8d7550b3667"},"type":"OpenApiConnection","inputs":{"host":{"apiId":"/providers/Microsoft.PowerApps/apis/shared_office365users","connectionName":"shared_office365users","operationId":"UserPhoto_V2"},"parameters":{"id":"@outputs('Get_my_profile_(V2)')?['body/userPrincipalName']"},"authentication":"@parameters('$authentication')"}},"Post_adaptive_card_in_a_chat_or_channel":{"runAfter":{"Get_user_photo_(V2)":["Succeeded"]},"metadata":{"operationMetadataId":"b9bd0ed1-3c93-4908-9e3a-748f6b80cfcf"},"type":"OpenApiConnection","inputs":{"host":{"apiId":"/providers/Microsoft.PowerApps/apis/shared_teams","connectionName":"shared_teams","operationId":"PostCardToConversation"},"parameters":{"poster":"Flow bot","location":"Channel","body/recipient/groupId":"c953f3da-6904-46ee-b38b-eed6b219ef79","body/recipient/channelId":"19:b34da5bf2b4e4ca9b790542006eff75c@thread.tacv2","body/messageBody":"{\n    \"type\": \"AdaptiveCard\",\n    \"body\": [\n        {\n            \"type\": \"TextBlock\",\n            \"size\": \"Medium\",\n            \"weight\": \"Bolder\",\n            \"text\": \"🎉 Welcome our New Team Member!\",\n            \"wrap\": true,\n            \"style\": \"heading\"\n        },\n        {\n            \"type\": \"ColumnSet\",\n            \"columns\": [\n                            {\n                    \"type\": \"Column\",\n                    \"items\": [\n                        {\n                            \"type\": \"TextBlock\",\n                            \"weight\": \"Bolder\",\n                            \"text\": \"@{outputs('Get_my_profile_(V2)')?['body/displayName']}\",\n                            \"wrap\": true\n                        },\n {\n                            \"type\": \"TextBlock\",\n                            \"weight\": \"Bolder\",\n                            \"text\": \"@{outputs('Get_my_profile_(V2)')?['body/department']} - @{outputs('Get_my_profile_(V2)')?['body/jobTitle']}\",\n                            \"wrap\": true\n                        }\n                    ],\n                    \"width\": \"stretch\"\n                }\n            ]\n        },\n\n        {\n            \"type\": \"TextBlock\",\n            \"text\": \"About @{outputs('Get_my_profile_(V2)')?['body/givenName']} 📖: @{outputs('Get_my_profile_(V2)')?['body/aboutMe']}\",\n            \"wrap\": true\n        }\n    ],\n    \"actions\": [\n        {\n            \"type\": \"Action.OpenUrl\",\n            \"url\": \"https://delve.office.com/?u=@{outputs('Get_my_profile_(V2)')?['body/id']}\",\n            \"title\": \"Open User Profile\"\n        }\n    ],\n    \"$schema\": \"http://adaptivecards.io/schemas/adaptive-card.json\",\n    \"version\": \"1.4\"\n}"},"authentication":"@parameters('$authentication')"}},"Get_my_profile_(V2)":{"runAfter":{},"metadata":{"operationMetadataId":"ae1402ec-8879-4384-b84b-387d0c2cc42d"},"type":"OpenApiConnection","inputs":{"host":{"apiId":"/providers/Microsoft.PowerApps/apis/shared_office365users","connectionName":"shared_office365users","operationId":"MyProfile_V2"},"parameters":{},"authentication":"@parameters('$authentication')"}}}},"connectionReferences":{"shared_office365users":{"connectionName":"19e711f9cb154f4084ccf1f89f6e2c08","source":"Embedded","id":"/providers/Microsoft.PowerApps/apis/shared_office365users","tier":"NotSpecified"},"shared_teams":{"connectionName":"shared-teams-0f2e2f64-4c31-4435-b09d-2989-634e918d","source":"Embedded","id":"/providers/Microsoft.PowerApps/apis/shared_teams","tier":"NotSpecified"}},"flowFailureAlertSubscribed":false}}