{"name":"5b5a3518-bef9-45a8-a582-d5959b4a898a","id":"/providers/Microsoft.Flow/flows/5b5a3518-bef9-45a8-a582-d5959b4a898a","type":"Microsoft.Flow/flows","properties":{"apiId":"/providers/Microsoft.PowerApps/apis/shared_logicflows","displayName":"Edit App Role Assignment By Email Address","definition":{"metadata":{"workflowEntityId":null,"creator":{"id":"84bef65e-2c4f-4e64-b930-80ca1114700b","type":"User","tenantId":"69e2591a-509e-471e-b4d6-b4167a226367"},"provisioningMethod":"FromDefinition","failureAlertSubscription":true,"clientLastModifiedTime":"2019-08-23T18:32:48.084065Z"},"$schema":"https://schema.management.azure.com/providers/Microsoft.Logic/schemas/2016-06-01/workflowdefinition.json#","contentVersion":"1.0.0.0","parameters":{"$connections":{"defaultValue":{},"type":"Object"},"$authentication":{"defaultValue":{},"type":"SecureObject"}},"triggers":{"manual":{"type":"Request","kind":"Button","inputs":{"schema":{"type":"object","properties":{},"required":[]}}}},"actions":{"Edit_App_Role_Assignment":{"runAfter":{"Compose":["Succeeded"]},"metadata":{"flowSystemMetadata":{"swaggerOperationId":"Edit-AppRoleAssignment"}},"type":"ApiConnection","inputs":{"host":{"connection":{"name":"@json(decodeBase64(triggerOutputs().headers['X-MS-APIM-Tokens']))['$connections']['shared_powerappsforappmakers']['connectionId']"},"api":{"runtimeUrl":"https://unitedstates-002.azure-apim.net/apim/powerappsforappmakers"}},"method":"post","body":{"delete":[{"id":"@{first(body('Filter_array'))?['id']}"}]},"headers":{"Content-Type":"application/json"},"path":"/providers/Microsoft.PowerApps/apps/@{encodeURIComponent('38506e36-4608-4b44-9ab3-55629f40b486')}/modifyPermissions","queries":{"api-version":"2016-11-01","$filter":"environment eq ''"},"authentication":{"type":"Raw","value":"@json(decodeBase64(triggerOutputs().headers['X-MS-APIM-Tokens']))['$ConnectionKey']"}}},"Get_App_Role_Assignments":{"runAfter":{},"metadata":{"flowSystemMetadata":{"swaggerOperationId":"Get-AppRoleAssignment"}},"type":"ApiConnection","inputs":{"host":{"connection":{"name":"@json(decodeBase64(triggerOutputs().headers['X-MS-APIM-Tokens']))['$connections']['shared_powerappsforappmakers']['connectionId']"},"api":{"runtimeUrl":"https://unitedstates-002.azure-apim.net/apim/powerappsforappmakers"}},"method":"get","path":"/providers/Microsoft.PowerApps/apps/@{encodeURIComponent('38506e36-4608-4b44-9ab3-55629f40b486')}/permissions","queries":{"api-version":"2017-06-01","$top":250},"authentication":{"type":"Raw","value":"@json(decodeBase64(triggerOutputs().headers['X-MS-APIM-Tokens']))['$ConnectionKey']"}}},"Filter_array":{"runAfter":{"Get_App_Role_Assignments":["Succeeded"]},"type":"Query","inputs":{"from":"@body('Get_App_Role_Assignments')?['value']","where":"@equals(tolower(item()?['properties']?['principal']?['email']), tolower('john@O365workarea.onmicrosoft.com'))"}},"Compose":{"runAfter":{"Filter_array":["Succeeded"]},"type":"Compose","inputs":"@first(body('Filter_array'))?['id']"}}},"connectionReferences":{"shared_powerappsforappmakers":{"connectionName":"shared-powerappsfora-56990862-4d8f-4673-8a7e-eacc2a630fde","source":"Invoker","id":"/providers/Microsoft.PowerApps/apis/shared_powerappsforappmakers","tier":"NotSpecified"}},"flowFailureAlertSubscribed":false}}