{"name":"acdf632b-5eca-4c29-9d31-0da99af23edf","id":"/providers/Microsoft.Flow/flows/acdf632b-5eca-4c29-9d31-0da99af23edf","type":"Microsoft.Flow/flows","properties":{"apiId":"/providers/Microsoft.PowerApps/apis/shared_logicflows","displayName":"Move Item to Folder","definition":{"metadata":{"workflowEntityId":null,"flowclientsuspensionreason":"None","flowclientsuspensiontime":null,"creator":{"id":"ddc02d42-c492-454d-94ce-778a07b5b8c6","type":"User","tenantId":"07446956-493d-42c8-ad05-e939cb52153f"},"provisioningMethod":"FromDefinition","failureAlertSubscription":true,"clientLastModifiedTime":"2021-04-17T13:04:50.759734Z"},"$schema":"https://schema.management.azure.com/providers/Microsoft.Logic/schemas/2016-06-01/workflowdefinition.json#","contentVersion":"1.0.0.0","parameters":{"$connections":{"defaultValue":{},"type":"Object"},"$authentication":{"defaultValue":{},"type":"SecureObject"}},"triggers":{"manual":{"type":"Request","kind":"PowerApp","inputs":{"schema":{"type":"object","properties":{"FolderPath_Inputs":{"type":"any","description":"Inputs","x-ms-powerflows-param-ispartial":false},"ItemFullPath_Inputs":{"type":"any","description":"Inputs","x-ms-powerflows-param-ispartial":false}},"required":["FolderPath_Inputs","ItemFullPath_Inputs"]}}}},"actions":{"Folder_Path":{"runAfter":{"Initialize_variable":["Succeeded"]},"type":"Compose","inputs":"@triggerBody()['FolderPath_Inputs']"},"Item_Full_Path":{"runAfter":{"Folder_Path":["Succeeded"]},"type":"Compose","inputs":"@triggerBody()['ItemFullPath_Inputs']"},"Send_an_HTTP_request_to_SharePoint":{"runAfter":{"Item_Full_Path":["Succeeded"]},"metadata":{"flowSystemMetadata":{"swaggerOperationId":"HttpRequest"}},"type":"ApiConnection","inputs":{"host":{"connection":{"name":"@json(decodeBase64(triggerOutputs().headers['X-MS-APIM-Tokens']))['$connections']['shared_sharepointonline_1']['connectionId']"},"api":{"runtimeUrl":"https://unitedstates-002.azure-apim.net/apim/sharepointonline"}},"method":"post","body":{"method":"POST","uri":"_api/Web/getFileByServerRelativeURL('/sites/RDTech/@{outputs('Item_Full_Path')}')/moveTo(newurl='/sites/RDTech/@{outputs('Folder_Path')}/@{last(split(outputs('Item_Full_Path'),'/'))}',flags=1)"},"path":"/datasets/@{encodeURIComponent(encodeURIComponent('https://thepoweraddicts.sharepoint.com/sites/RDTech'))}/httprequest","authentication":{"type":"Raw","value":"@json(decodeBase64(triggerOutputs().headers['X-MS-APIM-Tokens']))['$ConnectionKey']"}}},"Initialize_variable":{"runAfter":{},"type":"InitializeVariable","inputs":{"variables":[{"name":"varSuccess","type":"string","value":"false"}]}},"Set_variable":{"runAfter":{"Send_an_HTTP_request_to_SharePoint":["Succeeded"]},"type":"SetVariable","inputs":{"name":"varSuccess","value":"true"}},"Set_variable_2":{"runAfter":{"Send_an_HTTP_request_to_SharePoint":["Failed","Skipped","TimedOut"]},"type":"SetVariable","inputs":{"name":"varSuccess","value":"false"}},"Respond_to_a_PowerApp_or_flow_2":{"runAfter":{"Set_variable":["Succeeded","Skipped"],"Set_variable_2":["Succeeded","Skipped"]},"type":"Response","kind":"PowerApp","inputs":{"statusCode":200,"body":{"success":"@variables('varSuccess')"},"schema":{"type":"object","properties":{"success":{"title":"Success","x-ms-dynamically-added":true,"type":"string"}}}}}}},"connectionReferences":{"shared_sharepointonline_1":{"connectionName":"a0ed098f502a4ca4bb59859b743dc374","source":"Invoker","id":"/providers/Microsoft.PowerApps/apis/shared_sharepointonline","tier":"NotSpecified"}},"flowFailureAlertSubscribed":false}}