{"name":"33ec3339-fe47-47b3-8a1b-c00a0ed0bad8","id":"/providers/Microsoft.Flow/flows/33ec3339-fe47-47b3-8a1b-c00a0ed0bad8","type":"Microsoft.Flow/flows","properties":{"apiId":"/providers/Microsoft.PowerApps/apis/shared_logicflows","displayName":"Work Progress Tracker Permissions","definition":{"metadata":{"workflowEntityId":null,"processAdvisorMetadata":null,"flowclientsuspensionreason":"None","flowclientsuspensiontime":null,"creator":{"id":"ddc02d42-c492-454d-94ce-778a07b5b8c6","type":"User","tenantId":"07446956-493d-42c8-ad05-e939cb52153f"},"provisioningMethod":"FromDefinition","failureAlertSubscription":true,"clientLastModifiedTime":"2022-01-28T22:05:41.2919723Z"},"$schema":"https://schema.management.azure.com/providers/Microsoft.Logic/schemas/2016-06-01/workflowdefinition.json#","contentVersion":"1.0.0.0","parameters":{"$connections":{"defaultValue":{},"type":"Object"},"$authentication":{"defaultValue":{},"type":"SecureObject"}},"triggers":{"When_an_item_is_created":{"recurrence":{"frequency":"Minute","interval":1},"splitOn":"@triggerOutputs()?['body/value']","metadata":{"operationMetadataId":"94cf960e-4bf2-49d4-8aab-7bdc60a9d4de"},"type":"OpenApiConnection","inputs":{"host":{"apiId":"/providers/Microsoft.PowerApps/apis/shared_sharepointonline","connectionName":"shared_sharepointonline","operationId":"GetOnNewItems"},"parameters":{"dataset":"https://thepoweraddicts.sharepoint.com/sites/LearnTech","table":"d09d9dcd-347b-48be-887a-059bf5bfbac7"},"authentication":"@parameters('$authentication')"}}},"actions":{"Stop_sharing_an_item_or_a_file":{"runAfter":{},"metadata":{"operationMetadataId":"f652989c-ff91-49b4-ba53-5190109371d9"},"type":"OpenApiConnection","inputs":{"host":{"apiId":"/providers/Microsoft.PowerApps/apis/shared_sharepointonline","connectionName":"shared_sharepointonline","operationId":"UnshareItem"},"parameters":{"dataset":"https://thepoweraddicts.sharepoint.com/sites/LearnTech","table":"d09d9dcd-347b-48be-887a-059bf5bfbac7","id":"@triggerOutputs()?['body/ID']"},"authentication":"@parameters('$authentication')"}},"Grant_access_to_an_item_or_a_folder":{"runAfter":{"Stop_sharing_an_item_or_a_file":["Succeeded"]},"metadata":{"operationMetadataId":"e04d4148-a877-4749-8732-6cfcda1c7289"},"type":"OpenApiConnection","inputs":{"host":{"apiId":"/providers/Microsoft.PowerApps/apis/shared_sharepointonline","connectionName":"shared_sharepointonline","operationId":"GrantAccess"},"parameters":{"dataset":"https://thepoweraddicts.sharepoint.com/sites/LearnTech","table":"d09d9dcd-347b-48be-887a-059bf5bfbac7","id":"@triggerOutputs()?['body/ID']","parameter/recipients":"@{triggerOutputs()?['body/Author/Email']};@{triggerOutputs()?['body/AssignedTo/Email']}","parameter/roleValue":"role:1073741827"},"authentication":"@parameters('$authentication')"}}}},"connectionReferences":{"shared_sharepointonline":{"connectionName":"a0ed098f502a4ca4bb59859b743dc374","source":"Embedded","id":"/providers/Microsoft.PowerApps/apis/shared_sharepointonline","tier":"NotSpecified"}},"flowFailureAlertSubscribed":false}}