{"name":"44fc1929-da4c-4bdc-b728-299274e5efa6","id":"/providers/Microsoft.Flow/flows/44fc1929-da4c-4bdc-b728-299274e5efa6","type":"Microsoft.Flow/flows","properties":{"apiId":"/providers/Microsoft.PowerApps/apis/shared_logicflows","displayName":"Data Export to Excel","definition":{"metadata":{"workflowEntityId":null,"processAdvisorMetadata":null,"flowclientsuspensionreason":"None","flowclientsuspensiontime":null,"creator":{"id":"ddc02d42-c492-454d-94ce-778a07b5b8c6","type":"User","tenantId":"07446956-493d-42c8-ad05-e939cb52153f"},"provisioningMethod":"FromDefinition","failureAlertSubscription":true,"clientLastModifiedTime":"2021-08-18T21:46:55.1830617Z"},"$schema":"https://schema.management.azure.com/providers/Microsoft.Logic/schemas/2016-06-01/workflowdefinition.json#","contentVersion":"1.0.0.0","parameters":{"$connections":{"defaultValue":{},"type":"Object"},"$authentication":{"defaultValue":{},"type":"SecureObject"}},"triggers":{"manual":{"type":"Request","kind":"Button","inputs":{"schema":{"type":"object","properties":{},"required":[]},"headersSchema":{"x-ms-user-email-encoded":{"title":"User email","type":"string","format":"byte","x-ms-dynamically-added":false}}}}},"actions":{"Select":{"runAfter":{"Sample_JSON":["Succeeded"]},"type":"Select","inputs":{"from":"@outputs('Sample_JSON')","select":{"User Name":"@item()?['name']","Favorite Sport":"@item()?['favoritesport']"}}},"Create_file":{"runAfter":{"Get_file_content":["Succeeded"]},"type":"OpenApiConnection","inputs":{"host":{"apiId":"/providers/Microsoft.PowerApps/apis/shared_onedriveforbusiness","connectionName":"shared_onedriveforbusiness","operationId":"CreateFile"},"parameters":{"folderPath":"/","name":"@{guid()}.xlsx","body":"@outputs('Get_file_content')?['body']"},"authentication":{"value":"@json(decodeBase64(triggerOutputs().headers['X-MS-APIM-Tokens']))['$ConnectionKey']","type":"Raw"}},"runtimeConfiguration":{"contentTransfer":{"transferMode":"Chunked"}}},"Get_file_content":{"runAfter":{"Array_Col_Names":["Succeeded"]},"metadata":{"b!ZS6YmLIUL0GC8T8GTmwWBE4x_AdJW4NAtaBFBbtuyJuJJUwnqjhnQ79cYw-XH5zk.01O4KDJOVZ7WXU3R4NS5EIXNH7KOQV2SHH":"/ExcelTemplate.xlsx"},"type":"OpenApiConnection","inputs":{"host":{"apiId":"/providers/Microsoft.PowerApps/apis/shared_onedriveforbusiness","connectionName":"shared_onedriveforbusiness","operationId":"GetFileContent"},"parameters":{"id":"b!ZS6YmLIUL0GC8T8GTmwWBE4x_AdJW4NAtaBFBbtuyJuJJUwnqjhnQ79cYw-XH5zk.01O4KDJOVZ7WXU3R4NS5EIXNH7KOQV2SHH","inferContentType":true},"authentication":{"value":"@json(decodeBase64(triggerOutputs().headers['X-MS-APIM-Tokens']))['$ConnectionKey']","type":"Raw"}}},"Create_table":{"runAfter":{"A1_Notation_Mapping":["Succeeded"]},"type":"OpenApiConnection","inputs":{"host":{"apiId":"/providers/Microsoft.PowerApps/apis/shared_excelonlinebusiness","connectionName":"shared_excelonlinebusiness","operationId":"CreateTable"},"parameters":{"source":"me","drive":"b!ZS6YmLIUL0GC8T8GTmwWBE4x_AdJW4NAtaBFBbtuyJuJJUwnqjhnQ79cYw-XH5zk","file":"@outputs('Create_file')?['body/Id']","table/Range":"$A1:$@{outputs('A1_Notation_Mapping')[sub(length(outputs('Array_Col_Names')),1)]}1","table/TableName":"Data","table/ColumnsNames":"@first(split(body('Create_CSV_table'),decodeUriComponent('%0D%0A')))"},"authentication":{"value":"@json(decodeBase64(triggerOutputs().headers['X-MS-APIM-Tokens']))['$ConnectionKey']","type":"Raw"}}},"Apply_to_each":{"foreach":"@body('Select')","actions":{"Add_a_row_into_a_table":{"runAfter":{},"type":"OpenApiConnection","inputs":{"host":{"apiId":"/providers/Microsoft.PowerApps/apis/shared_excelonlinebusiness","connectionName":"shared_excelonlinebusiness","operationId":"AddRowV2"},"parameters":{"source":"me","drive":"b!ZS6YmLIUL0GC8T8GTmwWBE4x_AdJW4NAtaBFBbtuyJuJJUwnqjhnQ79cYw-XH5zk","file":"@outputs('Create_file')?['body/Id']","table":"@outputs('Create_table')?['body/name']","item":"@items('Apply_to_each')"},"authentication":{"value":"@json(decodeBase64(triggerOutputs().headers['X-MS-APIM-Tokens']))['$ConnectionKey']","type":"Raw"}}}},"runAfter":{"Create_table":["Succeeded"]},"type":"Foreach"},"Excel_file":{"runAfter":{"Delay":["Succeeded"]},"type":"OpenApiConnection","inputs":{"host":{"apiId":"/providers/Microsoft.PowerApps/apis/shared_onedriveforbusiness","connectionName":"shared_onedriveforbusiness","operationId":"GetFileContent"},"parameters":{"id":"@outputs('Create_file')?['body/Id']","inferContentType":true},"authentication":{"value":"@json(decodeBase64(triggerOutputs().headers['X-MS-APIM-Tokens']))['$ConnectionKey']","type":"Raw"}}},"Send_an_email_(V2)":{"runAfter":{"Excel_file":["Succeeded"]},"type":"OpenApiConnection","inputs":{"host":{"apiId":"/providers/Microsoft.PowerApps/apis/shared_office365","connectionName":"shared_office365","operationId":"SendEmailV2"},"parameters":{"emailMessage/To":"@triggerOutputs()['headers']['x-ms-user-email-encoded']","emailMessage/Subject":"Sample Excel Export","emailMessage/Body":"<p>Sample Excel Export</p>","emailMessage/Attachments":[{"Name":"@outputs('Create_file')?['body/Name']","ContentBytes":"@outputs('Excel_file')?['body']"}]},"authentication":{"value":"@json(decodeBase64(triggerOutputs().headers['X-MS-APIM-Tokens']))['$ConnectionKey']","type":"Raw"}}},"Delay":{"runAfter":{"Apply_to_each":["Succeeded"]},"type":"Wait","inputs":{"interval":{"count":1,"unit":"Minute"}}},"Create_CSV_table":{"runAfter":{"Select":["Succeeded"]},"type":"Table","inputs":{"from":["@first(body('Select'))"],"format":"CSV"}},"Array_Col_Names":{"runAfter":{"Create_CSV_table":["Succeeded"]},"type":"Compose","inputs":"@split(first(split(body('Create_CSV_table'),decodeUriComponent('%0D%0A'))),',')"},"A1_Notation_Mapping":{"runAfter":{"Create_file":["Succeeded"]},"type":"Compose","inputs":"@split('A,B,C,D,E,F,G,H,I,J,K,L,M,N,O,P,Q,R,S,T,U,V,X,Y,Z,AA,AB,AC,AD',',')"},"Delete_file":{"runAfter":{"Send_an_email_(V2)":["Succeeded"]},"type":"OpenApiConnection","inputs":{"host":{"apiId":"/providers/Microsoft.PowerApps/apis/shared_onedriveforbusiness","connectionName":"shared_onedriveforbusiness","operationId":"DeleteFile"},"parameters":{"id":"@outputs('Create_file')?['body/Id']"},"authentication":{"value":"@json(decodeBase64(triggerOutputs().headers['X-MS-APIM-Tokens']))['$ConnectionKey']","type":"Raw"}}},"Sample_JSON":{"runAfter":{},"type":"Compose","inputs":[{"id":1,"name":"Reza","favoritesport":"Tennis","favoritemovie":"DDLJ"},{"id":2,"name":"James","favoritesport":"Cricket","favoritemovie":"Titanic"},{"id":3,"name":"Sarah","favoritesport":"Baseball","favoritemovie":"Inception"}],"description":"Replace this action by connecting to your data source / service."}}},"connectionReferences":{"shared_onedriveforbusiness":{"connectionName":"shared-onedriveforbu-47057d18-78a8-4277-bb30-e11be90924e8","source":"Invoker","id":"/providers/Microsoft.PowerApps/apis/shared_onedriveforbusiness","tier":"NotSpecified"},"shared_excelonlinebusiness":{"connectionName":"shared-excelonlinebu-03c28664-7d2f-4357-a69a-43d3-168a1e8f","source":"Invoker","id":"/providers/Microsoft.PowerApps/apis/shared_excelonlinebusiness","tier":"NotSpecified"},"shared_office365":{"connectionName":"shared-office365-2512fe54-b21e-4ba5-9919-d0f393d9c4c0","source":"Invoker","id":"/providers/Microsoft.PowerApps/apis/shared_office365","tier":"NotSpecified"}},"flowFailureAlertSubscribed":false}}