{"name":"10afad49-23d9-4ec9-8234-65492e83a509","id":"/providers/Microsoft.Flow/flows/10afad49-23d9-4ec9-8234-65492e83a509","type":"Microsoft.Flow/flows","properties":{"apiId":"/providers/Microsoft.PowerApps/apis/shared_logicflows","displayName":"Travel Request Adaptive Card","definition":{"metadata":{"workflowEntityId":null,"processAdvisorMetadata":null,"flowclientsuspensionreason":"None","flowclientsuspensiontime":null,"creator":{"id":"ddc02d42-c492-454d-94ce-778a07b5b8c6","type":"User","tenantId":"07446956-493d-42c8-ad05-e939cb52153f"},"provisioningMethod":"FromDefinition","failureAlertSubscription":true,"clientLastModifiedTime":"2022-03-18T21:26:34.380494Z"},"$schema":"https://schema.management.azure.com/providers/Microsoft.Logic/schemas/2016-06-01/workflowdefinition.json#","contentVersion":"1.0.0.0","parameters":{"$connections":{"defaultValue":{},"type":"Object"},"$authentication":{"defaultValue":{},"type":"SecureObject"}},"triggers":{"When_an_item_is_created":{"recurrence":{"frequency":"Minute","interval":1},"splitOn":"@triggerOutputs()?['body/value']","metadata":{"operationMetadataId":"694c2497-2357-4872-8d2b-2d10189bb973"},"type":"OpenApiConnection","inputs":{"host":{"apiId":"/providers/Microsoft.PowerApps/apis/shared_sharepointonline","connectionName":"shared_sharepointonline","operationId":"GetOnNewItems"},"parameters":{"dataset":"https://thepoweraddicts.sharepoint.com/sites/RDTech","table":"720aa67b-4c4f-4a68-a3a7-ca4d15a3a756"},"authentication":"@parameters('$authentication')"}}},"actions":{"Card":{"runAfter":{},"metadata":{"operationMetadataId":"e6e8e715-0fff-4926-a50c-8fb06fd41e57"},"type":"OpenApiConnectionWebhook","inputs":{"host":{"apiId":"/providers/Microsoft.PowerApps/apis/shared_teams","connectionName":"shared_teams","operationId":"PostCardAndWaitForResponse"},"parameters":{"poster":"Flow bot","location":"Channel","body/body/messageBody":"{\n    \"type\": \"AdaptiveCard\",\n    \"$schema\": \"http://adaptivecards.io/schemas/adaptive-card.json\",\n    \"version\": \"1.4\",\n    \"body\": [\n        {\n            \"type\": \"TextBlock\",\n            \"text\": \"@{triggerOutputs()?['body/Title']}\",\n            \"wrap\": true\n        },\n        {\n            \"type\": \"TextBlock\",\n            \"text\": \"@{triggerOutputs()?['body/Author/DisplayName']}\",\n            \"wrap\": true\n        },\n        {\n            \"type\": \"ActionSet\",\n            \"actions\": [\n                {\n                    \"type\": \"Action.OpenUrl\",\n                    \"title\": \"See Request Details\",\n                    \"url\": \"@{triggerOutputs()?['body/{Link}']}\"\n                }\n            ]\n        },\n        {\n            \"type\": \"Input.ChoiceSet\",\n            \"choices\": [\n                {\n                    \"title\": \"Yes\",\n                    \"value\": \"Yes\"\n                },\n                {\n                    \"title\": \"No\",\n                    \"value\": \"No\"\n                }\n            ],\n            \"placeholder\": \"Decision\",\n            \"id\": \"acDecision\",\n            \"isRequired\": true,\n            \"errorMessage\": \"Decision is needed!\",\n            \"label\": \"Accepted?\"\n        },\n        {\n            \"type\": \"Input.Text\",\n            \"placeholder\": \"Comments\",\n            \"id\": \"acComments\",\n            \"label\": \"Comments\",\n            \"isMultiline\": true,\n            \"isRequired\": true,\n            \"errorMessage\": \"Comments is required!\"\n        }\n    ],\n    \"actions\": [\n        {\n            \"type\": \"Action.Submit\",\n            \"title\": \"Submit Response\"\n        }\n    ]\n}","body/body/updateMessage":"Thanks for your response!","body/body/recipient/groupId":"c138328e-4d5b-49dd-bc66-632069b27398","body/body/recipient/channelId":"19:72zmfwS6EqlEU7Q3L9lYgUL8oUa1mfxYrBQyMqpKFQU1@thread.tacv2"},"authentication":"@parameters('$authentication')"}},"Condition":{"actions":{"Update_item":{"runAfter":{},"metadata":{"operationMetadataId":"e633896c-dad3-4842-8ba7-2bc2dd813e0a"},"type":"OpenApiConnection","inputs":{"host":{"apiId":"/providers/Microsoft.PowerApps/apis/shared_sharepointonline","connectionName":"shared_sharepointonline","operationId":"PatchItem"},"parameters":{"dataset":"https://thepoweraddicts.sharepoint.com/sites/RDTech","table":"720aa67b-4c4f-4a68-a3a7-ca4d15a3a756","id":"@triggerOutputs()?['body/ID']","item/Title":"@triggerOutputs()?['body/Title']","item/ApprovalStatus/Value":"Approved","item/ApprovalComments":"@body('Card')?['data']?['acComments']"},"authentication":"@parameters('$authentication')"}}},"runAfter":{"Card":["Succeeded"]},"else":{"actions":{"Update_item_2":{"runAfter":{},"metadata":{"operationMetadataId":"5b04fd71-2bcb-4977-aaa9-8b4bd96b2fb3"},"type":"OpenApiConnection","inputs":{"host":{"apiId":"/providers/Microsoft.PowerApps/apis/shared_sharepointonline","connectionName":"shared_sharepointonline","operationId":"PatchItem"},"parameters":{"dataset":"https://thepoweraddicts.sharepoint.com/sites/RDTech","table":"720aa67b-4c4f-4a68-a3a7-ca4d15a3a756","id":"@triggerOutputs()?['body/ID']","item/Title":"@triggerOutputs()?['body/Title']","item/ApprovalStatus/Value":"Rejected","item/ApprovalComments":"@body('Card')?['data']?['acComments']"},"authentication":"@parameters('$authentication')"}}}},"expression":{"equals":["@body('Card')?['data']?['acDecision']","Yes"]},"metadata":{"operationMetadataId":"9e350b19-a12e-49a5-9a89-7b1c129d48cb"},"type":"If"}}},"connectionReferences":{"shared_teams":{"connectionName":"shared-teams-0f2e2f64-4c31-4435-b09d-2989-634e918d","source":"Embedded","id":"/providers/Microsoft.PowerApps/apis/shared_teams","tier":"NotSpecified"},"shared_sharepointonline":{"connectionName":"a0ed098f502a4ca4bb59859b743dc374","source":"Embedded","id":"/providers/Microsoft.PowerApps/apis/shared_sharepointonline","tier":"NotSpecified"}},"flowFailureAlertSubscribed":false}}