{"name":"55422de2-38e8-4857-a6dc-d5219cf68889","id":"/providers/Microsoft.Flow/flows/55422de2-38e8-4857-a6dc-d5219cf68889","type":"Microsoft.Flow/flows","properties":{"apiId":"/providers/Microsoft.PowerApps/apis/shared_logicflows","displayName":"Expressions - Fetch string from Sample text","definition":{"metadata":{"workflowEntityId":null,"creator":{"id":"51a6a8e7-873c-49cf-8130-f07966aa89cd","type":"User","tenantId":"d27657b2-f96c-475e-a9bb-ffb1dbe287c8"},"provisioningMethod":"FromDefinition","failureAlertSubscription":true,"clientLastModifiedTime":"2019-09-25T20:48:12.1842037Z"},"$schema":"https://schema.management.azure.com/providers/Microsoft.Logic/schemas/2016-06-01/workflowdefinition.json#","contentVersion":"1.0.0.0","parameters":{"$connections":{"defaultValue":{},"type":"Object"},"$authentication":{"defaultValue":{},"type":"SecureObject"}},"triggers":{"manual":{"type":"Request","kind":"Button","inputs":{"schema":{"type":"object","properties":{},"required":[]}}}},"actions":{"Html_to_text":{"runAfter":{"NewLine":["Succeeded"]},"metadata":{"flowSystemMetadata":{"swaggerOperationId":"HtmlToText"}},"type":"ApiConnection","inputs":{"host":{"connection":{"name":"@json(decodeBase64(triggerOutputs().headers['X-MS-APIM-Tokens']))['$connections']['shared_conversionservice']['connectionId']"},"api":{"runtimeUrl":"https://flow-apim-msmanaged-na-centralus-01.azure-apim.net/apim/conversionservice"}},"method":"post","body":"<p>This is a sample email body<br>\n<br>\nAssigned By: Reza Dorrani, on 9/22/2019<br>\n<br>\nSample Date</p>","path":"/html2text","authentication":{"type":"Raw","value":"@json(decodeBase64(triggerOutputs().headers['X-MS-APIM-Tokens']))['$ConnectionKey']"}}},"Compose":{"runAfter":{"Filter_array":["Succeeded"]},"type":"Compose","inputs":"@split(split(body('Filter_array')?[0],',')?[0],':')?[1]"},"NewLine":{"runAfter":{},"type":"Compose","inputs":"@decodeUriComponent('%0A')"},"Filter_array":{"runAfter":{"Html_to_text":["Succeeded"]},"type":"Query","inputs":{"from":"@split(body('Html_to_text'),outputs('NewLine'))","where":"@equals(startsWith(item(), 'Assigned By'), true)"}}}},"connectionReferences":{"shared_conversionservice":{"connectionName":"shared-conversionser-5ce907c9-4102-4d2a-9a03-d6cbb70fdffa","source":"Invoker","id":"/providers/Microsoft.PowerApps/apis/shared_conversionservice","tier":"NotSpecified"}},"flowFailureAlertSubscribed":false}}