{"name":"5da81305-1df9-4697-a944-0aca066f8837","id":"/providers/Microsoft.Flow/flows/5da81305-1df9-4697-a944-0aca066f8837","type":"Microsoft.Flow/flows","properties":{"apiId":"/providers/Microsoft.PowerApps/apis/shared_logicflows","displayName":"Service Desk Dynamic Approval","definition":{"metadata":{"workflowEntityId":null,"processAdvisorMetadata":null,"flowclientsuspensionreason":"None","flowclientsuspensiontime":null,"creator":{"id":"ddc02d42-c492-454d-94ce-778a07b5b8c6","type":"User","tenantId":"07446956-493d-42c8-ad05-e939cb52153f"},"provisioningMethod":"FromDefinition","failureAlertSubscription":true,"clientLastModifiedTime":"2022-03-25T22:37:06.8540228Z"},"$schema":"https://schema.management.azure.com/providers/Microsoft.Logic/schemas/2016-06-01/workflowdefinition.json#","contentVersion":"1.0.0.0","parameters":{"$connections":{"defaultValue":{},"type":"Object"},"$authentication":{"defaultValue":{},"type":"SecureObject"}},"triggers":{"When_an_item_is_created":{"recurrence":{"frequency":"Minute","interval":1},"splitOn":"@triggerOutputs()?['body/value']","metadata":{"operationMetadataId":"374b333c-65f8-487d-b847-e98ecb205427"},"type":"OpenApiConnection","inputs":{"host":{"apiId":"/providers/Microsoft.PowerApps/apis/shared_sharepointonline","connectionName":"shared_sharepointonline","operationId":"GetOnNewItems"},"parameters":{"dataset":"https://thepoweraddicts.sharepoint.com/sites/TechFly","table":"51164604-fcef-41c6-8431-1bc59303eda2"},"authentication":"@parameters('$authentication')"}}},"actions":{"Get_items":{"runAfter":{},"metadata":{"operationMetadataId":"e9543b15-3716-4010-a128-591b6d2c1cc7"},"type":"OpenApiConnection","inputs":{"host":{"apiId":"/providers/Microsoft.PowerApps/apis/shared_sharepointonline","connectionName":"shared_sharepointonline","operationId":"GetItems"},"parameters":{"dataset":"https://thepoweraddicts.sharepoint.com/sites/TechFly","table":"eca0f2f4-a812-4981-960b-53765e51e8ca","$filter":"Title eq '@{triggerOutputs()?['body/RequestType/Value']}'"},"authentication":"@parameters('$authentication')"}},"ApprovalInfo":{"runAfter":{"Get_items":["Succeeded"]},"metadata":{"operationMetadataId":"5658412d-103d-4d52-a0e4-1c28bfb2a43c"},"type":"Compose","inputs":"@first(outputs('Get_items')?['body/value'])"},"Approval_Required":{"actions":{"Manager_Approval":{"actions":{"Condition":{"actions":{"Get_manager_(V2)":{"runAfter":{},"metadata":{"operationMetadataId":"04f7f845-357e-4827-aacf-e41833630abd"},"type":"OpenApiConnection","inputs":{"host":{"apiId":"/providers/Microsoft.PowerApps/apis/shared_office365users","connectionName":"shared_office365users","operationId":"Manager_V2"},"parameters":{"id":"@triggerOutputs()?['body/Author/Email']"},"authentication":"@parameters('$authentication')"}},"Update_item_2":{"runAfter":{"Get_manager_(V2)":["Succeeded"]},"metadata":{"operationMetadataId":"ff2f5c13-793f-4aee-9b59-2dd1bfb32b16"},"type":"OpenApiConnection","inputs":{"host":{"apiId":"/providers/Microsoft.PowerApps/apis/shared_sharepointonline","connectionName":"shared_sharepointonline","operationId":"PatchItem"},"parameters":{"dataset":"https://thepoweraddicts.sharepoint.com/sites/TechFly","table":"51164604-fcef-41c6-8431-1bc59303eda2","id":"@triggerOutputs()?['body/ID']","item/Title":"@triggerOutputs()?['body/Title']","item/ApprovalStatus/Value":"Pending Manager Approval","item/ApprovalComments":"Manager Approval Pending: @{outputs('Get_manager_(V2)')?['body/displayName']}"},"authentication":"@parameters('$authentication')"}},"Start_and_wait_for_an_approval":{"runAfter":{"Update_item_2":["Succeeded"]},"metadata":{"operationMetadataId":"320e580b-9d8c-4ccd-8b49-9b0edede8432"},"type":"OpenApiConnectionWebhook","inputs":{"host":{"apiId":"/providers/Microsoft.PowerApps/apis/shared_approvals","connectionName":"shared_approvals","operationId":"StartAndWaitForAnApproval"},"parameters":{"approvalType":"Basic","WebhookApprovalCreationInput/title":"@{triggerOutputs()?['body/RequestType/Value']} Approval for @{triggerOutputs()?['body/Author/DisplayName']}","WebhookApprovalCreationInput/assignedTo":"@{outputs('Get_manager_(V2)')?['body/mail']};","WebhookApprovalCreationInput/details":"@triggerOutputs()?['body/Description']","WebhookApprovalCreationInput/itemLink":"@triggerOutputs()?['body/{Link}']","WebhookApprovalCreationInput/itemLinkDescription":"@triggerOutputs()?['body/Title']","WebhookApprovalCreationInput/enableNotifications":true,"WebhookApprovalCreationInput/enableReassignment":true},"authentication":"@parameters('$authentication')"}},"Condition_2":{"actions":{"Apply_to_each":{"foreach":"@outputs('Start_and_wait_for_an_approval')?['body/responses']","actions":{"Update_item_3":{"runAfter":{},"metadata":{"operationMetadataId":"87e7181d-3c3c-4a3f-8542-5fa4bd508058"},"type":"OpenApiConnection","inputs":{"host":{"apiId":"/providers/Microsoft.PowerApps/apis/shared_sharepointonline","connectionName":"shared_sharepointonline","operationId":"PatchItem"},"parameters":{"dataset":"https://thepoweraddicts.sharepoint.com/sites/TechFly","table":"51164604-fcef-41c6-8431-1bc59303eda2","id":"@triggerOutputs()?['body/ID']","item/Title":"@triggerOutputs()?['body/Title']","item/ApprovalStatus/Value":"Pending Approval","item/ApprovalComments":"Manger @{outputs('Get_manager_(V2)')?['body/displayName']} has Approved!\n@{items('Apply_to_each')?['comments']}"},"authentication":"@parameters('$authentication')"}}},"runAfter":{},"metadata":{"operationMetadataId":"ad59ead6-38d4-4578-b9e0-bbf752ac8e7a"},"type":"Foreach"}},"runAfter":{"Start_and_wait_for_an_approval":["Succeeded"]},"else":{"actions":{"Apply_to_each_2":{"foreach":"@outputs('Start_and_wait_for_an_approval')?['body/responses']","actions":{"Update_item_4":{"runAfter":{},"metadata":{"operationMetadataId":"d55af59c-6045-4ed8-bfec-07a1d5612741"},"type":"OpenApiConnection","inputs":{"host":{"apiId":"/providers/Microsoft.PowerApps/apis/shared_sharepointonline","connectionName":"shared_sharepointonline","operationId":"PatchItem"},"parameters":{"dataset":"https://thepoweraddicts.sharepoint.com/sites/TechFly","table":"51164604-fcef-41c6-8431-1bc59303eda2","id":"@triggerOutputs()?['body/ID']","item/Title":"@triggerOutputs()?['body/Title']","item/ApprovalStatus/Value":"Rejected","item/ApprovalComments":"Manger @{outputs('Get_manager_(V2)')?['body/displayName']} has Rejected!\n@{items('Apply_to_each_2')?['comments']}"},"authentication":"@parameters('$authentication')"}},"Set_variable":{"runAfter":{"Update_item_4":["Succeeded"]},"metadata":{"operationMetadataId":"c0a50976-2a56-4430-a26b-3bb0b3d99161"},"type":"SetVariable","inputs":{"name":"varApprovalNeeded","value":"@false"}}},"runAfter":{},"metadata":{"operationMetadataId":"c08a10b0-02dd-4a8d-868d-c10e6c2c82da"},"type":"Foreach"}}},"expression":{"equals":["@outputs('Start_and_wait_for_an_approval')?['body/outcome']","Approve"]},"metadata":{"operationMetadataId":"95d71d3b-0d92-4a2d-afdf-203349d04930"},"type":"If"}},"runAfter":{},"else":{"actions":{"Update_item_5":{"runAfter":{},"metadata":{"operationMetadataId":"4f253a70-1871-42de-85cb-2b7d62d243a2"},"type":"OpenApiConnection","inputs":{"host":{"apiId":"/providers/Microsoft.PowerApps/apis/shared_sharepointonline","connectionName":"shared_sharepointonline","operationId":"PatchItem"},"parameters":{"dataset":"https://thepoweraddicts.sharepoint.com/sites/TechFly","table":"51164604-fcef-41c6-8431-1bc59303eda2","id":"@triggerOutputs()?['body/ID']","item/Title":"@triggerOutputs()?['body/Title']","item/ApprovalStatus/Value":"Pending Approval"},"authentication":"@parameters('$authentication')"}}}},"expression":{"equals":["@outputs('ApprovalInfo')['ManagerApprovalNeeded']","@true"]},"metadata":{"operationMetadataId":"c9cf1ea3-d56f-4bdd-a9ce-416cd7054393"},"type":"If"}},"runAfter":{},"metadata":{"operationMetadataId":"5b461b5d-fd57-4fd5-a1d0-1e21bf4b5344"},"type":"Scope"},"Main_Approval":{"actions":{"Condition_3":{"actions":{"Select":{"runAfter":{},"metadata":{"operationMetadataId":"a83c8e86-5b48-45a1-87a7-dd4d7400a0e8"},"type":"Select","inputs":{"from":"@outputs('ApprovalInfo')['Approvers']","select":"@item()?['Email']"}},"Create_an_approval":{"runAfter":{"Select":["Succeeded"]},"metadata":{"operationMetadataId":"7b46cf2d-6313-48d3-bbbc-4e368b57a55f"},"type":"OpenApiConnection","inputs":{"host":{"apiId":"/providers/Microsoft.PowerApps/apis/shared_approvals","connectionName":"shared_approvals","operationId":"CreateAnApproval"},"parameters":{"approvalType":"@if(equals(outputs('ApprovalInfo')['ApprovalType/Value'],'Everyone must Approve'),'BasicAwaitAll','Basic')","ApprovalCreationInput":{"title":"@{triggerOutputs()?['body/RequestType/Value']} Approval","assignedTo":"@{join(body('Select'),';')}","enableNotifications":true,"enableReassignment":true}},"authentication":"@parameters('$authentication')"}},"Wait_for_an_approval":{"runAfter":{"Create_an_approval":["Succeeded"]},"metadata":{"operationMetadataId":"3e6d3731-b23f-47fc-abfa-b5747a005008"},"type":"OpenApiConnectionWebhook","inputs":{"host":{"apiId":"/providers/Microsoft.PowerApps/apis/shared_approvals","connectionName":"shared_approvals","operationId":"WaitForAnApproval"},"parameters":{"approvalName":"@outputs('Create_an_approval')['body/name']"},"authentication":"@parameters('$authentication')"}},"Condition_4":{"actions":{"Update_item_6":{"runAfter":{},"metadata":{"operationMetadataId":"04c6db88-4eb4-405b-8f6a-d4a17692dc9d"},"type":"OpenApiConnection","inputs":{"host":{"apiId":"/providers/Microsoft.PowerApps/apis/shared_sharepointonline","connectionName":"shared_sharepointonline","operationId":"PatchItem"},"parameters":{"dataset":"https://thepoweraddicts.sharepoint.com/sites/TechFly","table":"51164604-fcef-41c6-8431-1bc59303eda2","id":"@triggerOutputs()?['body/ID']","item/Title":"@triggerOutputs()?['body/Title']","item/ApprovalStatus/Value":"Approved","item/ApprovalComments":"@outputs('Wait_for_an_approval')?['body/responseSummary']"},"authentication":"@parameters('$authentication')"}}},"runAfter":{"Wait_for_an_approval":["Succeeded"]},"else":{"actions":{"Update_item_7":{"runAfter":{},"metadata":{"operationMetadataId":"fba5b637-a170-4dc4-8c21-c03c96c414b4"},"type":"OpenApiConnection","inputs":{"host":{"apiId":"/providers/Microsoft.PowerApps/apis/shared_sharepointonline","connectionName":"shared_sharepointonline","operationId":"PatchItem"},"parameters":{"dataset":"https://thepoweraddicts.sharepoint.com/sites/TechFly","table":"51164604-fcef-41c6-8431-1bc59303eda2","id":"@triggerOutputs()?['body/ID']","item/Title":"@triggerOutputs()?['body/Title']","item/ApprovalStatus/Value":"Rejected","item/ApprovalComments":"@outputs('Wait_for_an_approval')?['body/responseSummary']"},"authentication":"@parameters('$authentication')"}}}},"expression":{"not":{"contains":["@outputs('Wait_for_an_approval')?['body/outcome']","Reject"]}},"metadata":{"operationMetadataId":"89f1d10f-f584-47cc-aa96-868f9503ca4e"},"type":"If"}},"runAfter":{},"expression":{"equals":["@variables('varApprovalNeeded')","@true"]},"metadata":{"operationMetadataId":"1fe8bfde-ff22-4382-8c75-f2c3bcb1d043"},"type":"If"}},"runAfter":{"Manager_Approval":["Succeeded"]},"metadata":{"operationMetadataId":"21fa0b99-b507-4210-9aca-da0221b3b1f6"},"type":"Scope"}},"runAfter":{"Initialize_variable":["Succeeded"]},"else":{"actions":{"Update_item":{"runAfter":{},"metadata":{"operationMetadataId":"b8dac080-2783-4f16-ac14-473d254d2294"},"type":"OpenApiConnection","inputs":{"host":{"apiId":"/providers/Microsoft.PowerApps/apis/shared_sharepointonline","connectionName":"shared_sharepointonline","operationId":"PatchItem"},"parameters":{"dataset":"https://thepoweraddicts.sharepoint.com/sites/TechFly","table":"51164604-fcef-41c6-8431-1bc59303eda2","id":"@triggerOutputs()?['body/ID']","item/Title":"@triggerOutputs()?['body/Title']","item/ApprovalStatus/Value":"Approved","item/ApprovalComments":"Auto Approved by System!"},"authentication":"@parameters('$authentication')"}}}},"expression":{"equals":["@outputs('ApprovalInfo')['ApprovalRequired']","@true"]},"metadata":{"operationMetadataId":"bfd32929-b511-4ba3-857c-929e5cffe153"},"type":"If"},"Initialize_variable":{"runAfter":{"ApprovalInfo":["Succeeded"]},"metadata":{"operationMetadataId":"638328df-872a-41a2-9fe8-40f9892f75af"},"type":"InitializeVariable","inputs":{"variables":[{"name":"varApprovalNeeded","type":"boolean","value":"@true"}]}}}},"connectionReferences":{"shared_sharepointonline":{"connectionName":"a0ed098f502a4ca4bb59859b743dc374","source":"Embedded","id":"/providers/Microsoft.PowerApps/apis/shared_sharepointonline","tier":"NotSpecified"},"shared_office365users":{"connectionName":"19e711f9cb154f4084ccf1f89f6e2c08","source":"Embedded","id":"/providers/Microsoft.PowerApps/apis/shared_office365users","tier":"NotSpecified"},"shared_approvals":{"connectionName":"shared-approvals-54268f99-4a7f-4baa-aebd-c53ce07066de","source":"Embedded","id":"/providers/Microsoft.PowerApps/apis/shared_approvals","tier":"NotSpecified"}},"flowFailureAlertSubscribed":false}}