{"name":"78468e91-ba91-448a-aaa7-145df653c89a","id":"/providers/Microsoft.Flow/flows/78468e91-ba91-448a-aaa7-145df653c89a","type":"Microsoft.Flow/flows","properties":{"apiId":"/providers/Microsoft.PowerApps/apis/shared_logicflows","displayName":"Service Desk Ticket Update Notification","definition":{"metadata":{"workflowEntityId":null,"processAdvisorMetadata":null,"flowclientsuspensionreason":"None","flowclientsuspensiontime":null,"flowclientsuspensionreasondetails":null,"creator":{"id":"ddc02d42-c492-454d-94ce-778a07b5b8c6","type":"User","tenantId":"07446956-493d-42c8-ad05-e939cb52153f"},"provisioningMethod":"FromDefinition","failureAlertSubscription":true,"clientLastModifiedTime":"2022-07-31T17:34:24.99747Z"},"$schema":"https://schema.management.azure.com/providers/Microsoft.Logic/schemas/2016-06-01/workflowdefinition.json#","contentVersion":"1.0.0.0","parameters":{"$connections":{"defaultValue":{},"type":"Object"},"$authentication":{"defaultValue":{},"type":"SecureObject"}},"triggers":{"When_an_item_or_a_file_is_modified":{"recurrence":{"frequency":"Minute","interval":1},"splitOn":"@triggerOutputs()?['body/value']","metadata":{"operationMetadataId":"1deb5406-be32-4449-973d-60dcc0b971c2"},"type":"OpenApiConnection","inputs":{"host":{"apiId":"/providers/Microsoft.PowerApps/apis/shared_sharepointonline","connectionName":"shared_sharepointonline","operationId":"GetOnChangedItems"},"parameters":{"dataset":"https://thepoweraddicts.sharepoint.com/sites/RDTech","table":"e8f9a7f9-6102-4007-93df-dc743ee003d5"},"authentication":"@parameters('$authentication')"},"conditions":[{"expression":"@equals(triggerOutputs()?['body/Priority/Value'],'Critical')"}]}},"actions":{"Send_an_email_(V2)":{"runAfter":{"Get_Previous_Values":["Succeeded"]},"metadata":{"operationMetadataId":"6cf580d4-b8e2-42a7-a716-9dacaeca4e53"},"type":"OpenApiConnection","inputs":{"host":{"apiId":"/providers/Microsoft.PowerApps/apis/shared_office365","connectionName":"shared_office365","operationId":"SendEmailV2"},"parameters":{"emailMessage/To":"@triggerOutputs()?['body/Author/Email']","emailMessage/Subject":"Ticket @{triggerOutputs()?['body/ID']} Updated : \"@{triggerOutputs()?['body/Title']}\" ","emailMessage/Body":"Title: @{triggerOutputs()?['body/Title']}<br>\nDescription: @{triggerOutputs()?['body/Description']} <br>\nPriority: @{triggerOutputs()?['body/Priority/Value']}<br>\nStatus: @{triggerOutputs()?['body/Status/Value']}<br>\nDepartment: @{triggerOutputs()?['body/Department/Value']}<br><br>\n\n@{join(variables('varHTML'),'<br>')}\n<br><br>\n<a href='@{triggerOutputs()?['body/{Link}']}'>Open Ticket</a>\n<br><br>\n<a href='https://thepoweraddicts.sharepoint.com/sites/RDTech/_layouts/15/Versions.aspx?ID=@{triggerOutputs()?['body/ID']}&IsDlg=1&list=%7BE8F9A7F9%2D6102%2D4007%2D93DF%2DDC743EE003D5%7D'>Version History</a>","emailMessage/Importance":"Normal"},"authentication":"@parameters('$authentication')"}},"Get_changes_for_an_item_or_a_file_(properties_only)":{"runAfter":{},"metadata":{"operationMetadataId":"882a80a8-a9f2-4b2c-9bb6-f73406c3e240"},"type":"OpenApiConnection","inputs":{"host":{"apiId":"/providers/Microsoft.PowerApps/apis/shared_sharepointonline","connectionName":"shared_sharepointonline","operationId":"GetItemChanges"},"parameters":{"dataset":"https://thepoweraddicts.sharepoint.com/sites/RDTech","table":"e8f9a7f9-6102-4007-93df-dc743ee003d5","id":"@triggerOutputs()?['body/ID']","since":"@sub(decimal(triggerOutputs()?['body/{VersionNumber}']),1)","includeDrafts":false},"authentication":"@parameters('$authentication')"}},"Previous_values_array_variable":{"runAfter":{"Get_changes_for_an_item_or_a_file_(properties_only)":["Succeeded"]},"metadata":{"operationMetadataId":"d1ccf7c2-c8d5-416e-8d47-93cc7e520c97"},"type":"InitializeVariable","inputs":{"variables":[{"name":"varValues","type":"array","value":[]}]}},"Get_Previous_Values":{"actions":{"Select":{"runAfter":{},"metadata":{"operationMetadataId":"9b4a1f79-947b-4395-84e6-040c363621c3"},"type":"Select","inputs":{"from":"@split(replace(replace(string(outputs('Get_changes_for_an_item_or_a_file_(properties_only)')?['body/ColumnHasChanged']),'{',''),'}',''),',')","select":{"ColumnName":"@replace(split(item(),':')[0],'\"','')","Value":"@split(item(), ':')[1]"}}},"Filter_array":{"runAfter":{"Select":["Succeeded"]},"metadata":{"operationMetadataId":"157e5e85-ef80-4674-9d7f-eb80f482740c"},"type":"Query","inputs":{"from":"@body('Select')","where":"@equals(item()?['Value'], 'true')"}},"Send_an_HTTP_request_to_SharePoint":{"runAfter":{"Select_Column_Names":["Succeeded"]},"metadata":{"operationMetadataId":"9ae963ed-6150-4c51-9240-9500f64a690f"},"type":"OpenApiConnection","inputs":{"host":{"apiId":"/providers/Microsoft.PowerApps/apis/shared_sharepointonline","connectionName":"shared_sharepointonline","operationId":"HttpRequest"},"parameters":{"dataset":"https://thepoweraddicts.sharepoint.com/sites/RDTech","parameters/method":"GET","parameters/uri":"_api/web/lists/GetByTitle('Service Desk')/items(@{triggerOutputs()?['body/ID']})/versions?$filter=VersionLabel eq '@{sub(decimal(triggerOutputs()?['body/{VersionNumber}']),1)}'&$select=@{join(body('Select_Column_Names'),',')}"},"authentication":"@parameters('$authentication')"}},"Select_Column_Names":{"runAfter":{"Filter_array":["Succeeded"]},"metadata":{"operationMetadataId":"18dd7777-eaec-4265-adbb-d31d466ec95e"},"type":"Select","inputs":{"from":"@body('Filter_array')","select":"@item()?['ColumnName']"}},"Apply_to_each":{"foreach":"@body('Select_Column_Names')","actions":{"Append_to_array_variable":{"runAfter":{},"metadata":{"operationMetadataId":"9378e21f-f57d-4afd-b840-fc5ae56fe797"},"type":"AppendToArrayVariable","inputs":{"name":"varValues","value":{"Column":"@{item()}","Value":"@{coalesce(body('Send_an_HTTP_request_to_SharePoint')?['d']?['results']?[0]?[item()],'')}"}}}},"runAfter":{"Send_an_HTTP_request_to_SharePoint":["Succeeded"]},"metadata":{"operationMetadataId":"ffed688b-3c24-4c9f-adb6-e1eb2f9a9912"},"type":"Foreach"},"Apply_to_each_varValues":{"foreach":"@variables('varValues')","actions":{"Append_to_array_variable_2":{"runAfter":{},"metadata":{"operationMetadataId":"2e16d5b8-ec02-4f11-b92a-abf38d842b2b"},"type":"AppendToArrayVariable","inputs":{"name":"varHTML","value":"Column @{item()?['Column']} has changed. <br>\nPrevious value is <b>@{item()?['Value']}</b>"}}},"runAfter":{"Apply_to_each":["Succeeded"]},"metadata":{"operationMetadataId":"a7c4e86e-88c1-49d2-9a13-e1d4aaab054b"},"type":"Foreach"}},"runAfter":{"HTML_Code":["Succeeded"]},"metadata":{"operationMetadataId":"8fb633dd-f129-4bdc-9edb-2f21414f4d69"},"type":"Scope"},"HTML_Code":{"runAfter":{"Previous_values_array_variable":["Succeeded"]},"metadata":{"operationMetadataId":"9fa727ae-db35-4a6f-b901-7c296a925229"},"type":"InitializeVariable","inputs":{"variables":[{"name":"varHTML","type":"array","value":[]}]}}}},"connectionReferences":{"shared_office365":{"connectionName":"shared-office365-2512fe54-b21e-4ba5-9919-d0f393d9c4c0","source":"Embedded","id":"/providers/Microsoft.PowerApps/apis/shared_office365","tier":"NotSpecified"},"shared_sharepointonline":{"connectionName":"8dbc41cd3c1d442f93feb6a32edce09f","source":"Embedded","id":"/providers/Microsoft.PowerApps/apis/shared_sharepointonline","tier":"NotSpecified"}},"flowFailureAlertSubscribed":false,"isManaged":false}}