{"name":"36ce8941-3615-4a34-86a1-6e23d3ee1cbe","id":"/providers/Microsoft.Flow/flows/36ce8941-3615-4a34-86a1-6e23d3ee1cbe","type":"Microsoft.Flow/flows","properties":{"apiId":"/providers/Microsoft.PowerApps/apis/shared_logicflows","displayName":"Reza Dorrani YouTube New Video Alert as Adaptive Cards","definition":{"metadata":{"workflowEntityId":null,"processAdvisorMetadata":null,"flowclientsuspensionreason":"None","flowclientsuspensiontime":null,"creator":{"id":"ddc02d42-c492-454d-94ce-778a07b5b8c6","type":"User","tenantId":"07446956-493d-42c8-ad05-e939cb52153f"},"provisioningMethod":"FromDefinition","failureAlertSubscription":true,"clientLastModifiedTime":"2022-03-18T15:57:09.9529102Z"},"$schema":"https://schema.management.azure.com/providers/Microsoft.Logic/schemas/2016-06-01/workflowdefinition.json#","contentVersion":"1.0.0.0","parameters":{"$connections":{"defaultValue":{},"type":"Object"},"$authentication":{"defaultValue":{},"type":"SecureObject"}},"triggers":{"Recurrence":{"recurrence":{"frequency":"Week","interval":1,"schedule":{"hours":["10"]}},"metadata":{"operationMetadataId":"f52de349-a5c5-41a9-bd6f-65184d91a30b"},"type":"Recurrence"}},"actions":{"List_all_RSS_feed_items":{"runAfter":{},"metadata":{"operationMetadataId":"8a093d28-a104-42ce-b789-162323144371"},"type":"OpenApiConnection","inputs":{"host":{"apiId":"/providers/Microsoft.PowerApps/apis/shared_rss","connectionName":"shared_rss","operationId":"ListFeedItems"},"parameters":{"feedUrl":"https://www.youtube.com/feeds/videos.xml?channel_id=UCvBYTqRx-n_8KzFO0MJlUVw","since":"@addDays(utcnow(),-7)","sinceProperty":"PublishDate"},"authentication":"@parameters('$authentication')"}},"Apply_to_each":{"foreach":"@body('List_all_RSS_feed_items')","actions":{"Post_adaptive_card_in_a_chat_or_channel":{"runAfter":{},"metadata":{"operationMetadataId":"d2d1f128-f230-4eeb-b916-4d7eb31752af"},"type":"OpenApiConnection","inputs":{"host":{"apiId":"/providers/Microsoft.PowerApps/apis/shared_teams","connectionName":"shared_teams","operationId":"PostCardToConversation"},"parameters":{"poster":"Flow bot","location":"Channel","body/recipient/groupId":"48ace389-403c-416f-8bf0-292119160123","body/recipient/channelId":"19:5c1bf6da210f44abad4aa5ebffc0f6bf@thread.tacv2","body/messageBody":"{\n    \"type\": \"AdaptiveCard\",\n    \"$schema\": \"http://adaptivecards.io/schemas/adaptive-card.json\",\n    \"version\": \"1.4\",\n    \"body\": [\n        {\n            \"type\": \"TextBlock\",\n            \"text\": \"📢 New Video: @{items('Apply_to_each')?['title']}\",\n            \"wrap\": true,\n            \"size\": \"Large\",\n            \"weight\": \"Bolder\",\n            \"color\": \"Accent\",\n            \"isSubtle\": true\n        },\n        {\n            \"type\": \"TextBlock\",\n            \"text\": \"@{formatdatetime(item()?['PublishDate'],'MMM dd')}\",\n            \"wrap\": true,\n            \"isSubtle\": true,\n            \"size\": \"Small\"\n        },\n        {\n            \"type\": \"Image\",\n            \"selectAction\": {\n                \"type\": \"Action.OpenUrl\",\n                \"url\": \"@{item()?['primaryLink']}\"\n            },\n            \"url\": \"http://img.youtube.com/vi/@{split(item()?['id'],'yt:video:')?[1]}/maxresdefault.jpg\"\n        }\n    ],\n    \"actions\": [\n        {\n            \"type\": \"Action.OpenUrl\",\n            \"title\": \"▶️ Video\",\n  \"url\": \"@{items('Apply_to_each')?['primaryLink']}\"\n        }\n    ]\n}"},"authentication":"@parameters('$authentication')"}}},"runAfter":{"List_all_RSS_feed_items":["Succeeded"]},"metadata":{"operationMetadataId":"33496d49-c17f-4193-b896-4cbe61ba53d1"},"type":"Foreach"}},"outputs":{}},"connectionReferences":{"shared_rss":{"connectionName":"shared-rss-31430077-5af9-405f-8ce7-954470e50411","source":"Embedded","id":"/providers/Microsoft.PowerApps/apis/shared_rss","tier":"NotSpecified"},"shared_teams":{"connectionName":"shared-teams-0f2e2f64-4c31-4435-b09d-2989-634e918d","source":"Embedded","id":"/providers/Microsoft.PowerApps/apis/shared_teams","tier":"NotSpecified"}},"flowFailureAlertSubscribed":false}}