{"name":"1fd12eb2-ecfd-4e8d-a620-d21e7ffabee2","id":"/providers/Microsoft.Flow/flows/1fd12eb2-ecfd-4e8d-a620-d21e7ffabee2","type":"Microsoft.Flow/flows","properties":{"apiId":"/providers/Microsoft.PowerApps/apis/shared_logicflows","displayName":"Expressions  - Sorting Arrays with Flow","definition":{"metadata":{"workflowEntityId":null,"creator":{"id":"51a6a8e7-873c-49cf-8130-f07966aa89cd","type":"User","tenantId":"d27657b2-f96c-475e-a9bb-ffb1dbe287c8"},"provisioningMethod":"FromDefinition","failureAlertSubscription":true,"clientLastModifiedTime":"2019-09-05T02:19:53.1839883Z"},"$schema":"https://schema.management.azure.com/providers/Microsoft.Logic/schemas/2016-06-01/workflowdefinition.json#","contentVersion":"1.0.0.0","parameters":{"$authentication":{"defaultValue":{},"type":"SecureObject"}},"triggers":{"manual":{"type":"Request","kind":"Button","inputs":{"schema":{"type":"object","properties":{},"required":[]}}}},"actions":{"Initial_Array":{"runAfter":{},"type":"InitializeVariable","inputs":{"variables":[{"name":"arr","type":"Array","value":[1,5,4,7,2,8]}]}},"Apply_to_each":{"foreach":"@variables('arr')","actions":{"Filter_array_less_than":{"runAfter":{"Compose":["Succeeded"]},"type":"Query","inputs":{"from":"@variables('sortarr')","where":"@lessOrEquals(item(), items('Apply_to_each'))"}},"Filter_array_greater_than":{"runAfter":{"Filter_array_less_than":["Succeeded"]},"type":"Query","inputs":{"from":"@variables('sortarr')","where":"@greater(item(), items('Apply_to_each'))"}},"Set_sorted_array":{"runAfter":{"Filter_array_greater_than":["Succeeded"]},"type":"SetVariable","inputs":{"name":"sortarr","value":"@union(body('Filter_array_less_than'),createArray(items('Apply_to_each')),body('Filter_array_greater_than'))"},"description":"union(body('Filter_array_less_than'),createArray(items('Apply_to_each')),body('Filter_array_greater_than'))"},"Compose":{"runAfter":{},"type":"Compose","inputs":"@{items('Apply_to_each')}\n\n@{item()}\n\nCurrent Item in for loop"}},"runAfter":{"Sorted_Array":["Succeeded"]},"type":"Foreach"},"Sorted_Array":{"runAfter":{"Initial_Array":["Succeeded"]},"type":"InitializeVariable","inputs":{"variables":[{"name":"sortarr","type":"Array","value":[]}]}},"Output_sorted_array":{"runAfter":{"Apply_to_each":["Succeeded"]},"type":"Compose","inputs":"@{variables('sortarr')}\n\nSorted Array"}},"outputs":{}},"connectionReferences":{},"flowFailureAlertSubscribed":false}}