{"name":"12348cb8-abc3-4472-bac9-90820bb9d952","id":"/providers/Microsoft.Flow/flows/12348cb8-abc3-4472-bac9-90820bb9d952","type":"Microsoft.Flow/flows","properties":{"apiId":"/providers/Microsoft.PowerApps/apis/shared_logicflows","displayName":"Get Items Created Today","definition":{"metadata":{"workflowEntityId":null,"creator":{"id":"51a6a8e7-873c-49cf-8130-f07966aa89cd","type":"User","tenantId":"d27657b2-f96c-475e-a9bb-ffb1dbe287c8"},"provisioningMethod":"FromDefinition","failureAlertSubscription":true,"clientLastModifiedTime":"2019-09-13T00:37:38.3770803Z"},"$schema":"https://schema.management.azure.com/providers/Microsoft.Logic/schemas/2016-06-01/workflowdefinition.json#","contentVersion":"1.0.0.0","parameters":{"$connections":{"defaultValue":{},"type":"Object"},"$authentication":{"defaultValue":{},"type":"SecureObject"}},"triggers":{"Recurrence":{"recurrence":{"frequency":"Day","interval":1,"startTime":"2019-09-11T17:00:00.000Z"},"type":"Recurrence"}},"actions":{"Get_items":{"runAfter":{},"metadata":{"flowSystemMetadata":{"swaggerOperationId":"GetItems"}},"type":"ApiConnection","inputs":{"host":{"connection":{"name":"@parameters('$connections')['shared_sharepointonline']['connectionId']"},"api":{"runtimeUrl":"https://flow-apim-msmanaged-na-westus2-01.azure-apim.net/apim/sharepointonline"}},"method":"get","path":"/datasets/@{encodeURIComponent(encodeURIComponent('https://rdorrani.sharepoint.com/'))}/tables/@{encodeURIComponent(encodeURIComponent('9ba0eddf-940e-4278-83b1-f8169423e124'))}/items","authentication":"@parameters('$authentication')"}},"Filter_array":{"runAfter":{"Compose":["Succeeded"]},"type":"Query","inputs":{"from":"@body('Get_items')?['value']","where":"@equals(formatDateTime(item()?['Created'], 'yyyyMMdd'), outputs('Compose'))"}},"Compose":{"runAfter":{"Get_items":["Succeeded"]},"type":"Compose","inputs":"@formatDateTime(utcnow(), 'yyyyMMdd')"}}},"connectionReferences":{"shared_sharepointonline":{"connectionName":"4fb0c0de9f56a8c877f0f30c40e4e61a","source":"Embedded","id":"/providers/Microsoft.PowerApps/apis/shared_sharepointonline","tier":"NotSpecified"}},"flowFailureAlertSubscribed":false}}