{"name":"70df8c39-0ff8-47ec-b491-37e1ed00aa24","id":"/providers/Microsoft.Flow/flows/70df8c39-0ff8-47ec-b491-37e1ed00aa24","type":"Microsoft.Flow/flows","properties":{"apiId":"/providers/Microsoft.PowerApps/apis/shared_logicflows","displayName":"SharePoint files categorize by Customer and send email","definition":{"metadata":{"workflowEntityId":null,"creator":{"id":"51a6a8e7-873c-49cf-8130-f07966aa89cd","type":"User","tenantId":"d27657b2-f96c-475e-a9bb-ffb1dbe287c8"},"provisioningMethod":"FromDefinition","failureAlertSubscription":true,"clientLastModifiedTime":"2019-09-26T00:38:39.4124887Z"},"$schema":"https://schema.management.azure.com/providers/Microsoft.Logic/schemas/2016-06-01/workflowdefinition.json#","contentVersion":"1.0.0.0","parameters":{"$connections":{"defaultValue":{},"type":"Object"},"$authentication":{"defaultValue":{},"type":"SecureObject"}},"triggers":{"manual":{"type":"Request","kind":"Button","inputs":{"schema":{"type":"object","properties":{},"required":[]}}}},"actions":{"Get_files_(properties_only)":{"runAfter":{},"metadata":{"flowSystemMetadata":{"swaggerOperationId":"GetFileItems"}},"type":"ApiConnection","inputs":{"host":{"connection":{"name":"@json(decodeBase64(triggerOutputs().headers['X-MS-APIM-Tokens']))['$connections']['shared_sharepointonline']['connectionId']"},"api":{"runtimeUrl":"https://flow-apim-msmanaged-na-westus2-01.azure-apim.net/apim/sharepointonline"}},"method":"get","path":"/datasets/@{encodeURIComponent(encodeURIComponent('https://rdorrani.sharepoint.com/'))}/tables/@{encodeURIComponent(encodeURIComponent('b0620f63-fe5f-4fd6-908c-ddbc9c30e426'))}/getfileitems","queries":{"$orderby":"FileLeafRef"},"authentication":{"type":"Raw","value":"@json(decodeBase64(triggerOutputs().headers['X-MS-APIM-Tokens']))['$ConnectionKey']"}}},"Apply_to_each":{"foreach":"@body('Get_files_(properties_only)')?['value']","actions":{"Compose":{"runAfter":{},"type":"Compose","inputs":"@split(items('Apply_to_each')?['{Name}'],'-')?[0]"},"Append_to_array_variable":{"runAfter":{"Get_file_content":["Succeeded"]},"type":"AppendToArrayVariable","inputs":{"name":"arrCustomer","value":{"Customer":"@{outputs('Compose')}","DocumentContent":"@body('Get_file_content')","DocumentName":"@{items('Apply_to_each')?['{FilenameWithExtension}']}","EmailTo":"@{items('Apply_to_each')?['EmailTo']}"}}},"Get_file_content":{"runAfter":{"Compose":["Succeeded"]},"metadata":{"flowSystemMetadata":{"swaggerOperationId":"GetFileContent"}},"type":"ApiConnection","inputs":{"host":{"connection":{"name":"@json(decodeBase64(triggerOutputs().headers['X-MS-APIM-Tokens']))['$connections']['shared_sharepointonline']['connectionId']"},"api":{"runtimeUrl":"https://flow-apim-msmanaged-na-westus2-01.azure-apim.net/apim/sharepointonline"}},"method":"get","path":"/datasets/@{encodeURIComponent(encodeURIComponent('https://rdorrani.sharepoint.com/'))}/files/@{encodeURIComponent(items('Apply_to_each')?['{Identifier}'])}/content","queries":{"inferContentType":true},"authentication":{"type":"Raw","value":"@json(decodeBase64(triggerOutputs().headers['X-MS-APIM-Tokens']))['$ConnectionKey']"}}}},"runAfter":{"Initialize_variable":["Succeeded"]},"type":"Foreach"},"Initialize_variable":{"runAfter":{"Get_files_(properties_only)":["Succeeded"]},"type":"InitializeVariable","inputs":{"variables":[{"name":"arrCustomer","type":"Array","value":[]}]}},"Compose_2":{"runAfter":{"Apply_to_each":["Succeeded"]},"type":"Compose","inputs":"@variables('arrCustomer')"},"Apply_to_each_2":{"foreach":"@variables('arrCustomer')","actions":{"Compose_3":{"runAfter":{},"type":"Compose","inputs":"@first(skip(variables('arrCustomer'),add(variables('counter'),1)))"},"Condition_2":{"actions":{"Send_an_email_(V2)_2":{"runAfter":{},"metadata":{"flowSystemMetadata":{"swaggerOperationId":"SendEmailV2"}},"type":"ApiConnection","inputs":{"host":{"connection":{"name":"@json(decodeBase64(triggerOutputs().headers['X-MS-APIM-Tokens']))['$connections']['shared_office365']['connectionId']"},"api":{"runtimeUrl":"https://flow-apim-msmanaged-na-eastus2-01.azure-apim.net/apim/office365"}},"method":"post","body":{"To":"@{item()?['EmailTo']};","Subject":"Test Docs for @{item()?['EmailTo']}","Body":"<p>test</p>","Attachments":"@variables('attachments')"},"path":"/v2/Mail","authentication":{"type":"Raw","value":"@json(decodeBase64(triggerOutputs().headers['X-MS-APIM-Tokens']))['$ConnectionKey']"}}},"Set_variable_2":{"runAfter":{"Send_an_email_(V2)_2":["Succeeded"]},"type":"SetVariable","inputs":{"name":"attachments","value":[]}}},"runAfter":{"Append_to_array_variable_4":["Succeeded"]},"else":{"actions":{"Condition":{"actions":{},"runAfter":{},"else":{"actions":{"Send_an_email_(V2)":{"runAfter":{},"metadata":{"flowSystemMetadata":{"swaggerOperationId":"SendEmailV2"}},"type":"ApiConnection","inputs":{"host":{"connection":{"name":"@json(decodeBase64(triggerOutputs().headers['X-MS-APIM-Tokens']))['$connections']['shared_office365']['connectionId']"},"api":{"runtimeUrl":"https://flow-apim-msmanaged-na-eastus2-01.azure-apim.net/apim/office365"}},"method":"post","body":{"To":"@{item()?['EmailTo']};","Subject":"Test Docs for @{item()?['EmailTo']}","Body":"<p>test</p>","Attachments":"@variables('attachments')"},"path":"/v2/Mail","authentication":{"type":"Raw","value":"@json(decodeBase64(triggerOutputs().headers['X-MS-APIM-Tokens']))['$ConnectionKey']"}}},"Set_variable":{"runAfter":{"Send_an_email_(V2)":["Succeeded"]},"type":"SetVariable","inputs":{"name":"attachments","value":[]}}}},"expression":{"equals":["@substring(outputs('Compose_3')?['DocumentName'],0,3)","@substring(item()?['DocumentName'],0,3)"]},"type":"If"},"Increment_variable":{"runAfter":{"Condition":["Succeeded"]},"type":"IncrementVariable","inputs":{"name":"counter","value":1}}}},"expression":{"equals":["@outputs('Compose_3')","@null"]},"type":"If"},"Append_to_array_variable_4":{"runAfter":{"Compose_3":["Succeeded"]},"type":"AppendToArrayVariable","inputs":{"name":"attachments","value":{"Name":"@{items('Apply_to_each_2')?['DocumentName']}","ContentBytes":"@base64(items('Apply_to_each_2')?['DocumentContent'])"}}}},"runAfter":{"Initialize_variable_4":["Succeeded"]},"type":"Foreach"},"Initialize_variable_2":{"runAfter":{"Compose_2":["Succeeded"]},"type":"InitializeVariable","inputs":{"variables":[{"name":"counter","type":"Integer","value":0}]}},"Initialize_variable_3":{"runAfter":{"Initialize_variable_2":["Succeeded"]},"type":"InitializeVariable","inputs":{"variables":[{"name":"attachments","type":"Array","value":[]}]}},"Initialize_variable_4":{"runAfter":{"Initialize_variable_3":["Succeeded"]},"type":"InitializeVariable","inputs":{"variables":[{"name":"flow","type":"Boolean","value":"@false"}]}}}},"connectionReferences":{"shared_sharepointonline":{"connectionName":"4fb0c0de9f56a8c877f0f30c40e4e61a","source":"Invoker","id":"/providers/Microsoft.PowerApps/apis/shared_sharepointonline","tier":"NotSpecified"},"shared_office365":{"connectionName":"7a26a75e43f0db234378d1da97c1acc0","source":"Invoker","id":"/providers/Microsoft.PowerApps/apis/shared_office365","tier":"NotSpecified"}},"flowFailureAlertSubscribed":false}}