{"name":"01bd7f14-3660-4705-8dcd-71ec7341a386","id":"/providers/Microsoft.Flow/flows/01bd7f14-3660-4705-8dcd-71ec7341a386","type":"Microsoft.Flow/flows","properties":{"apiId":"/providers/Microsoft.PowerApps/apis/shared_logicflows","displayName":"📙 Expressions 401 - Error Handling","definition":{"metadata":{"workflowEntityId":null,"flowclientsuspensionreason":"None","flowclientsuspensiontime":null,"creator":{"id":"ddc02d42-c492-454d-94ce-778a07b5b8c6","type":"User","tenantId":"07446956-493d-42c8-ad05-e939cb52153f"},"provisioningMethod":"FromDefinition","failureAlertSubscription":true,"clientLastModifiedTime":"2021-02-11T20:59:20.9390519Z"},"$schema":"https://schema.management.azure.com/providers/Microsoft.Logic/schemas/2016-06-01/workflowdefinition.json#","contentVersion":"1.0.0.0","parameters":{"$connections":{"defaultValue":{},"type":"Object"},"$authentication":{"defaultValue":{},"type":"SecureObject"}},"triggers":{"manual":{"type":"Request","kind":"Button","inputs":{"schema":{"type":"object","properties":{},"required":[]},"headersSchema":{"x-ms-user-email-encoded":{"title":"User email","type":"string","format":"byte","x-ms-dynamically-added":false}}}}},"actions":{"Profile":{"runAfter":{},"type":"InitializeVariable","inputs":{"variables":[{"name":"varProfile","type":"object","value":{"Name":"Reza","Title":"Principal Consultant","Company":"Catapult Systems","YearsofExperience":13,"Expertise":["Power Apps","Power Automate","Power Virtual Agents"]}}]}},"Try":{"actions":{"Error_action":{"runAfter":{},"type":"Compose","inputs":"@setProperty(variables('varProfile'),'Expertise',union(variables('varProfile')?['vExpertise'],createArray('Power BI')))"},"Set_variable":{"runAfter":{"Error_action":["Succeeded"]},"type":"SetVariable","inputs":{"name":"varProfile","value":"@outputs('Error_action')"}}},"runAfter":{"Profile":["Succeeded"]},"type":"Scope"},"Catch":{"actions":{"Send_an_email_(V2)":{"runAfter":{"Create_HTML_table":["Succeeded"]},"type":"OpenApiConnection","inputs":{"host":{"apiId":"/providers/Microsoft.PowerApps/apis/shared_office365","connectionName":"shared_office365","operationId":"SendEmailV2"},"parameters":{"emailMessage/To":"@triggerOutputs()['headers']['x-ms-user-email-encoded']","emailMessage/Subject":"Error In flow","emailMessage/Body":"<style>\ntable {\n  border: 1px solid #1C6EA4;\n  background-color: #EEEEEE;\n  width: 100%;\n  text-align: left;\n  border-collapse: collapse;\n}\ntable td, table th {\n  border: 1px solid #AAAAAA;\n  padding: 3px 2px;\n}\ntable tbody td {\n  font-size: 13px;\n}\ntable thead {\n  background: #1C6EA4;\n  border-bottom: 2px solid #444444;\n}\ntable thead th {\n  font-size: 15px;\n  font-weight: bold;\n  color: #FFFFFF;\n  border-left: 2px solid #D0E4F5;\n}\ntable thead th:first-child {\n  border-left: none;\n}\n</style>\n<a href='@{concat('https://us.flow.microsoft.com/manage/environments/',\r\nworkflow()?['tags']?['environmentName'],\r\n'/flows/',\r\nworkflow()?['name'],\r\n'/runs/',\r\nworkflow()?['run']['name']\r\n)\r\n}'>🧐Check flow Run</a>\n<p>@{body('Create_HTML_table')}</p>"},"authentication":{"value":"@json(decodeBase64(triggerOutputs().headers['X-MS-APIM-Tokens']))['$ConnectionKey']","type":"Raw"}}},"Select":{"runAfter":{"Filter_array":["Succeeded"]},"type":"Select","inputs":{"from":"@body('Filter_array')","select":{"Error Code":"@item()?['error']?['code']","Error Message":"@item()?['error']?['message']"}}},"Create_HTML_table":{"runAfter":{"Select":["Succeeded"]},"type":"Table","inputs":{"from":"@body('Select')","format":"HTML"}},"Compose":{"runAfter":{},"type":"Compose","inputs":"@result('Try')"},"Filter_array":{"runAfter":{"Compose":["Succeeded"]},"type":"Query","inputs":{"from":"@result('Try')","where":"@equals(item()?['Status'], 'Failed')"}}},"runAfter":{"Try":["Failed"]},"type":"Scope"}}},"connectionReferences":{"shared_office365":{"connectionName":"shared-office365-2512fe54-b21e-4ba5-9919-d0f393d9c4c0","source":"Invoker","id":"/providers/Microsoft.PowerApps/apis/shared_office365","tier":"NotSpecified"}},"flowFailureAlertSubscribed":false}}