{"name":"12f915ad-a664-4e1c-9a11-354deef6a068","id":"/providers/Microsoft.Flow/flows/12f915ad-a664-4e1c-9a11-354deef6a068","type":"Microsoft.Flow/flows","properties":{"apiId":"/providers/Microsoft.PowerApps/apis/shared_logicflows","displayName":"Travel Request Approval Workflow","definition":{"metadata":{"workflowEntityId":null,"processAdvisorMetadata":null,"flowclientsuspensionreason":"None","flowclientsuspensiontime":null,"creator":{"id":"ddc02d42-c492-454d-94ce-778a07b5b8c6","type":"User","tenantId":"07446956-493d-42c8-ad05-e939cb52153f"},"provisioningMethod":"FromDefinition","failureAlertSubscription":true,"clientLastModifiedTime":"2022-03-25T21:13:58.0028962Z"},"$schema":"https://schema.management.azure.com/providers/Microsoft.Logic/schemas/2016-06-01/workflowdefinition.json#","contentVersion":"1.0.0.0","parameters":{"$connections":{"defaultValue":{},"type":"Object"},"$authentication":{"defaultValue":{},"type":"SecureObject"}},"triggers":{"When_an_item_is_created":{"recurrence":{"frequency":"Minute","interval":1},"splitOn":"@triggerOutputs()?['body/value']","metadata":{"operationMetadataId":"a802e99c-d615-45ed-a221-44cac0c1cf23"},"type":"OpenApiConnection","inputs":{"host":{"apiId":"/providers/Microsoft.PowerApps/apis/shared_sharepointonline","connectionName":"shared_sharepointonline","operationId":"GetOnNewItems"},"parameters":{"dataset":"https://thepoweraddicts.sharepoint.com/sites/TechFly","table":"1ce3466f-c6e5-49e9-8259-4aff9fc49a0b"},"authentication":"@parameters('$authentication')"}}},"actions":{"Manager_Approval_Condition":{"actions":{"Get_manager_(V2)":{"runAfter":{},"metadata":{"operationMetadataId":"091c2a09-f952-4b2a-8149-73d7d66ee1b3"},"type":"OpenApiConnection","inputs":{"host":{"apiId":"/providers/Microsoft.PowerApps/apis/shared_office365users","connectionName":"shared_office365users","operationId":"Manager_V2"},"parameters":{"id":"@triggerOutputs()?['body/Author/Email']"},"authentication":"@parameters('$authentication')"}},"Update_item":{"runAfter":{"Get_manager_(V2)":["Succeeded"]},"metadata":{"operationMetadataId":"d50f2b40-b5a1-48e2-8a8c-30b149f2056c"},"type":"OpenApiConnection","inputs":{"host":{"apiId":"/providers/Microsoft.PowerApps/apis/shared_sharepointonline","connectionName":"shared_sharepointonline","operationId":"PatchItem"},"parameters":{"dataset":"https://thepoweraddicts.sharepoint.com/sites/TechFly","table":"1ce3466f-c6e5-49e9-8259-4aff9fc49a0b","id":"@triggerOutputs()?['body/ID']","item/EstimatedAirfare":"@triggerOutputs()?['body/EstimatedAirfare']","item/ApprovalStatus/Value":"Pending Manager Approval","item/ApprovalComments":"Manager Approval Pending: @{outputs('Get_manager_(V2)')?['body/displayName']}"},"authentication":"@parameters('$authentication')"}},"Start_and_wait_for_an_approval":{"runAfter":{"Update_item":["Succeeded"]},"metadata":{"operationMetadataId":"bd4bfb38-f60b-46a8-80c5-861670e534b8"},"type":"OpenApiConnectionWebhook","inputs":{"host":{"apiId":"/providers/Microsoft.PowerApps/apis/shared_approvals","connectionName":"shared_approvals","operationId":"StartAndWaitForAnApproval"},"parameters":{"approvalType":"Basic","WebhookApprovalCreationInput/title":"@{triggerOutputs()?['body/Title']} Approval Request by @{triggerOutputs()?['body/Author/DisplayName']}","WebhookApprovalCreationInput/assignedTo":"@{outputs('Get_manager_(V2)')?['body/mail']};","WebhookApprovalCreationInput/details":"@{triggerOutputs()?['body/Title']}\n@{triggerOutputs()?['body/ReasonForTravel']}","WebhookApprovalCreationInput/itemLink":"@triggerOutputs()?['body/{Link}']","WebhookApprovalCreationInput/itemLinkDescription":"@triggerOutputs()?['body/Title']","WebhookApprovalCreationInput/enableNotifications":true,"WebhookApprovalCreationInput/enableReassignment":true},"authentication":"@parameters('$authentication')"}},"Condition_2":{"actions":{"Apply_to_each":{"foreach":"@outputs('Start_and_wait_for_an_approval')?['body/responses']","actions":{"Update_item_2":{"runAfter":{},"metadata":{"operationMetadataId":"25de3996-943f-45a1-8182-67a058dc540d"},"type":"OpenApiConnection","inputs":{"host":{"apiId":"/providers/Microsoft.PowerApps/apis/shared_sharepointonline","connectionName":"shared_sharepointonline","operationId":"PatchItem"},"parameters":{"dataset":"https://thepoweraddicts.sharepoint.com/sites/TechFly","table":"1ce3466f-c6e5-49e9-8259-4aff9fc49a0b","id":"@triggerOutputs()?['body/ID']","item/EstimatedAirfare":"@triggerOutputs()?['body/EstimatedAirfare']","item/ApprovalStatus/Value":"Pending HR Approval","item/ApprovalComments":"Approved By: @{outputs('Get_manager_(V2)')?['body/displayName']}\n@{items('Apply_to_each')?['comments']}\n"},"authentication":"@parameters('$authentication')"}}},"runAfter":{},"metadata":{"operationMetadataId":"0a7f9255-ebe8-4522-ba8d-e8bb0ba40510"},"type":"Foreach"}},"runAfter":{"Start_and_wait_for_an_approval":["Succeeded"]},"else":{"actions":{"Apply_to_each_2":{"foreach":"@outputs('Start_and_wait_for_an_approval')?['body/responses']","actions":{"Update_item_3":{"runAfter":{},"metadata":{"operationMetadataId":"5c00c907-a323-4346-a5af-794449794162"},"type":"OpenApiConnection","inputs":{"host":{"apiId":"/providers/Microsoft.PowerApps/apis/shared_sharepointonline","connectionName":"shared_sharepointonline","operationId":"PatchItem"},"parameters":{"dataset":"https://thepoweraddicts.sharepoint.com/sites/TechFly","table":"1ce3466f-c6e5-49e9-8259-4aff9fc49a0b","id":"@triggerOutputs()?['body/ID']","item/EstimatedAirfare":"@triggerOutputs()?['body/EstimatedAirfare']","item/ApprovalStatus/Value":"Rejected","item/ApprovalComments":"Rejected By Manager : @{outputs('Get_manager_(V2)')?['body/displayName']}\n@{items('Apply_to_each_2')?['comments']}"},"authentication":"@parameters('$authentication')"}},"Set_variable":{"runAfter":{"Update_item_3":["Succeeded"]},"metadata":{"operationMetadataId":"8cb01bf5-b3d4-47be-8b19-e5f847718de5"},"type":"SetVariable","inputs":{"name":"varHRApproval","value":"@false"}}},"runAfter":{},"metadata":{"operationMetadataId":"ee644847-24c1-438e-a5c7-7f4b9151c1a7"},"type":"Foreach"}}},"expression":{"equals":["@outputs('Start_and_wait_for_an_approval')?['body/outcome']","Approve"]},"metadata":{"operationMetadataId":"1e525148-b7ba-476e-9cd3-5cadcd75f6a7"},"type":"If"}},"runAfter":{"HR_Approval":["Succeeded"]},"else":{"actions":{"Update_item_6":{"runAfter":{},"metadata":{"operationMetadataId":"fad1bfef-356e-4fda-ad8d-56bf52ad38fe"},"type":"OpenApiConnection","inputs":{"host":{"apiId":"/providers/Microsoft.PowerApps/apis/shared_sharepointonline","connectionName":"shared_sharepointonline","operationId":"PatchItem"},"parameters":{"dataset":"https://thepoweraddicts.sharepoint.com/sites/TechFly","table":"1ce3466f-c6e5-49e9-8259-4aff9fc49a0b","id":"@triggerOutputs()?['body/ID']","item/EstimatedAirfare":"@triggerOutputs()?['body/EstimatedAirfare']","item/ApprovalStatus/Value":"Pending HR Approval","item/ApprovalComments":"Pending HR Approval"},"authentication":"@parameters('$authentication')"}}}},"expression":{"greaterOrEquals":["@triggerOutputs()?['body/EstimatedAirfare']",500]},"metadata":{"operationMetadataId":"e7404b2a-a83b-4968-8441-3f382e5c2afd"},"type":"If"},"HR_Approval":{"runAfter":{},"metadata":{"operationMetadataId":"84b0c70b-ab37-4fbe-b7a5-57ae34db1494"},"type":"InitializeVariable","inputs":{"variables":[{"name":"varHRApproval","type":"boolean","value":"@true"}]}},"HR_Approval_Condition":{"actions":{"Start_and_wait_for_an_approval_2":{"runAfter":{},"metadata":{"operationMetadataId":"b839e841-13d1-41ef-a9df-d60c4b4bfcfc"},"type":"OpenApiConnectionWebhook","inputs":{"host":{"apiId":"/providers/Microsoft.PowerApps/apis/shared_approvals","connectionName":"shared_approvals","operationId":"StartAndWaitForAnApproval"},"parameters":{"approvalType":"Basic","WebhookApprovalCreationInput/title":"HR Approval Request for @{triggerOutputs()?['body/Title']}","WebhookApprovalCreationInput/assignedTo":"jtaylor@thepoweraddicts.onmicrosoft.com;","WebhookApprovalCreationInput/details":"@{triggerOutputs()?['body/Title']}\n@{triggerOutputs()?['body/ReasonForTravel']}","WebhookApprovalCreationInput/enableNotifications":true,"WebhookApprovalCreationInput/enableReassignment":true},"authentication":"@parameters('$authentication')"}},"Condition":{"actions":{"Apply_to_each_3":{"foreach":"@outputs('Start_and_wait_for_an_approval_2')?['body/responses']","actions":{"Update_item_4":{"runAfter":{},"metadata":{"operationMetadataId":"4ea430ea-bbe0-410f-9cfa-0bf7b26b27ac"},"type":"OpenApiConnection","inputs":{"host":{"apiId":"/providers/Microsoft.PowerApps/apis/shared_sharepointonline","connectionName":"shared_sharepointonline","operationId":"PatchItem"},"parameters":{"dataset":"https://thepoweraddicts.sharepoint.com/sites/TechFly","table":"1ce3466f-c6e5-49e9-8259-4aff9fc49a0b","id":"@triggerOutputs()?['body/ID']","item/EstimatedAirfare":"@triggerOutputs()?['body/EstimatedAirfare']","item/ApprovalStatus/Value":"Approved","item/ApprovalComments":"Approved by HR : @{items('Apply_to_each_3')?['responder/displayName']}\n@{items('Apply_to_each_3')?['comments']}"},"authentication":"@parameters('$authentication')"}}},"runAfter":{},"metadata":{"operationMetadataId":"15d2aadf-e343-4c30-a435-921f1273ee1a"},"type":"Foreach"}},"runAfter":{"Start_and_wait_for_an_approval_2":["Succeeded"]},"else":{"actions":{"Apply_to_each_4":{"foreach":"@outputs('Start_and_wait_for_an_approval_2')?['body/responses']","actions":{"Update_item_5":{"runAfter":{},"metadata":{"operationMetadataId":"37c459d0-1755-4825-8caa-7fd1e17fcff5"},"type":"OpenApiConnection","inputs":{"host":{"apiId":"/providers/Microsoft.PowerApps/apis/shared_sharepointonline","connectionName":"shared_sharepointonline","operationId":"PatchItem"},"parameters":{"dataset":"https://thepoweraddicts.sharepoint.com/sites/TechFly","table":"1ce3466f-c6e5-49e9-8259-4aff9fc49a0b","id":"@triggerOutputs()?['body/ID']","item/EstimatedAirfare":"@triggerOutputs()?['body/EstimatedAirfare']","item/ApprovalStatus/Value":"Rejected","item/ApprovalComments":"Rejcted By HR: @{items('Apply_to_each_4')?['responder/displayName']}\n@{items('Apply_to_each_4')?['comments']}"},"authentication":"@parameters('$authentication')"}}},"runAfter":{},"metadata":{"operationMetadataId":"e61c6347-585b-4f14-a0b7-0b9057311fc3"},"type":"Foreach"}}},"expression":{"equals":["@outputs('Start_and_wait_for_an_approval_2')?['body/outcome']","Approve"]},"metadata":{"operationMetadataId":"88e8f5d4-77e4-4111-b218-ca09e627bde9"},"type":"If"}},"runAfter":{"Manager_Approval_Condition":["Succeeded"]},"expression":{"equals":["@variables('varHRApproval')","@true"]},"metadata":{"operationMetadataId":"7bc9b3ca-0945-43b3-aa30-a14535e3c454"},"type":"If"}}},"connectionReferences":{"shared_office365users":{"connectionName":"19e711f9cb154f4084ccf1f89f6e2c08","source":"Embedded","id":"/providers/Microsoft.PowerApps/apis/shared_office365users","tier":"NotSpecified"},"shared_sharepointonline":{"connectionName":"a0ed098f502a4ca4bb59859b743dc374","source":"Embedded","id":"/providers/Microsoft.PowerApps/apis/shared_sharepointonline","tier":"NotSpecified"},"shared_approvals":{"connectionName":"shared-approvals-54268f99-4a7f-4baa-aebd-c53ce07066de","source":"Embedded","id":"/providers/Microsoft.PowerApps/apis/shared_approvals","tier":"NotSpecified"}},"flowFailureAlertSubscribed":false}}