{"name":"e629a25a-b76a-4191-ae32-4b94f1913310","id":"/providers/Microsoft.Flow/flows/e629a25a-b76a-4191-ae32-4b94f1913310","type":"Microsoft.Flow/flows","properties":{"apiId":"/providers/Microsoft.PowerApps/apis/shared_logicflows","displayName":"Focus Time - Calendar Block","definition":{"metadata":{"workflowEntityId":null,"creator":{"id":"e97154b8-3895-422d-aa75-12ac027047da","type":"User","tenantId":"d0659de2-684e-49bd-9b1f-1fd4cd0942d9"},"provisioningMethod":"FromDefinition","failureAlertSubscription":true,"clientLastModifiedTime":"2019-10-26T23:54:57.6307176Z"},"$schema":"https://schema.management.azure.com/providers/Microsoft.Logic/schemas/2016-06-01/workflowdefinition.json#","contentVersion":"1.0.0.0","parameters":{"$connections":{"defaultValue":{},"type":"Object"},"$authentication":{"defaultValue":{},"type":"SecureObject"}},"triggers":{"Recurrence":{"recurrence":{"frequency":"Day","interval":1,"timeZone":"Pacific Standard Time","startTime":"2019-09-09T17:00:00.000Z","schedule":{"hours":["17"]}},"type":"Recurrence"}},"actions":{"Find_meeting_times_(V2)":{"runAfter":{"Get_my_profile_(V2)":["Succeeded"]},"metadata":{"flowSystemMetadata":{"swaggerOperationId":"FindMeetingTimes_V2"}},"type":"ApiConnection","inputs":{"host":{"connection":{"name":"@parameters('$connections')['shared_office365']['connectionId']"},"api":{"runtimeUrl":"https://flow-apim-msmanaged-na-westus2-01.azure-apim.net/apim/office365"}},"method":"post","body":{"RequiredAttendees":"@body('Get_my_profile_(V2)')?['mail']","MeetingDuration":"@outputs('Set_Time_Block_Duration_In_Minutes')","Start":"@{if(equals(dayOfWeek(utcnow()),5),startofday(adddays(convertFromUtc( utcnow(),outputs('Your_Time_Zone')),3)),if(equals(dayOfWeek(utcnow()),6),startofday(adddays(convertFromUtc( utcnow(),outputs('Your_Time_Zone')),2)),startofday(adddays(convertFromUtc( utcnow(),outputs('Your_Time_Zone')),1))))}","End":"@{if(equals(dayOfWeek(utcnow()),5),startofday(adddays(convertFromUtc( utcnow(),outputs('Your_Time_Zone')),4)),if(equals(dayOfWeek(utcnow()),6),startofday(adddays(convertFromUtc( utcnow(),outputs('Your_Time_Zone')),3)),startofday(adddays(convertFromUtc( utcnow(),outputs('Your_Time_Zone')),2))))}","MaxCandidates":20,"ActivityDomain":"Work"},"path":"/codeless/beta/me/findMeetingTimes","authentication":"@parameters('$authentication')"}},"Apply_to_each_time_block":{"foreach":"@body('Filter_to_retrieve_meetings_which_are_not_tentative_or_no_response')","actions":{"Create_event_(V4)":{"runAfter":{},"metadata":{"flowSystemMetadata":{"swaggerOperationId":"V4CalendarPostItem"}},"type":"ApiConnection","inputs":{"host":{"connection":{"name":"@parameters('$connections')['shared_office365']['connectionId']"},"api":{"runtimeUrl":"https://flow-apim-msmanaged-na-westus2-01.azure-apim.net/apim/office365"}},"method":"post","body":{"subject":"@{outputs('Time_Block_Subject')}","start":"@{convertFromUtc(concat(item()?['MeetingTimeSlot']?['start']?['dateTime'],'Z'),outputs('Your_Time_Zone'))}","end":"@{convertFromUtc(concat(item()?['MeetingTimeSlot']?['end']?['dateTime'],'Z'),outputs('Your_Time_Zone'))}","timeZone":"@{outputs('Your_Time_Zone')}","showAs":"busy"},"path":"/datasets/calendars/v4/tables/@{encodeURIComponent(encodeURIComponent('AQMkADk1ZGJkNjRjLTM0MDItNGM0YS1iMjU2LWQ4MzMBZTVjZWRmZQBGAAADER2TmIYKI06XkziiSaOD3QcAVkJ-4mOZwUmedeTA8v10aQAAAgEGAAAAVkJ-4mOZwUmedeTA8v10aQACDoLnPAAAAA=='))}/items","authentication":"@parameters('$authentication')"}}},"runAfter":{"Filter_to_retrieve_meetings_which_are_not_tentative_or_no_response":["Succeeded"]},"type":"Foreach"},"Filter_to_retrieve_meetings_which_are_not_tentative_or_no_response":{"runAfter":{"Find_meeting_times_(V2)":["Succeeded"]},"type":"Query","inputs":{"from":"@body('Find_meeting_times_(V2)')?['meetingTimeSuggestions']","where":"@equals(item()?['organizerAvailability'], 'free')"}},"Get_my_profile_(V2)":{"runAfter":{"Configuration":["Succeeded"]},"metadata":{"flowSystemMetadata":{"swaggerOperationId":"MyProfile_V2"}},"type":"ApiConnection","inputs":{"host":{"connection":{"name":"@parameters('$connections')['shared_office365users']['connectionId']"},"api":{"runtimeUrl":"https://flow-apim-msmanaged-na-eastus2-01.azure-apim.net/apim/office365users"}},"method":"get","path":"/codeless/v1.0/me","authentication":"@parameters('$authentication')"}},"Configuration":{"actions":{"Your_Time_Zone":{"runAfter":{},"type":"Compose","inputs":"Pacific Standard Time","description":"Get Your Timezone - https://msdn.microsoft.com/en-us/library/gg154758.aspx"},"Set_Time_Block_Duration_In_Minutes":{"runAfter":{"Your_Time_Zone":["Succeeded"]},"type":"Compose","inputs":30},"Time_Block_Subject":{"runAfter":{"Set_Time_Block_Duration_In_Minutes":["Succeeded"]},"type":"Compose","inputs":"Focus Time for Work"}},"runAfter":{},"type":"Scope"}}},"connectionReferences":{"shared_office365":{"connectionName":"shared-office365-af3b9394-05ae-48a4-9863-2e834f613eee","source":"Embedded","id":"/providers/Microsoft.PowerApps/apis/shared_office365","tier":"NotSpecified"},"shared_office365users":{"connectionName":"shared-office365user-a914d957-a74c-4516-ab0f-2f319b1d2cad","source":"Embedded","id":"/providers/Microsoft.PowerApps/apis/shared_office365users","tier":"NotSpecified"}},"flowFailureAlertSubscribed":false}}